erroX,erroY,CoordX,CoordY
-0.03350543975830078,-0.07831335067749023,2.0,6.0
-0.026018381118774414,0.001726388931274414,2.0,2.0
0.073944091796875,0.08161258697509766,2.0,10.0
-0.0036954879760742188,0.5219683647155762,9.0,6.0
0.003915309906005859,-0.15511977672576904,2.0,2.0
-0.3527069091796875,0.281796932220459,9.0,6.0
-0.017078042030334473,-0.1496903896331787,2.0,2.0
-0.02945995330810547,0.03991127014160156,9.0,2.0
-0.04419100284576416,0.0419459342956543,2.0,6.0
0.009518623352050781,0.004191398620605469,9.0,2.0
0.061975717544555664,0.037105560302734375,2.0,10.0
0.6819462776184082,0.3398566246032715,6.0,6.0
0.09751224517822266,0.04889488220214844,9.0,10.0
0.13292455673217773,0.34607839584350586,6.0,6.0
0.0981130599975586,0.08373260498046875,9.0,10.0
0.08690452575683594,0.036543846130371094,9.0,10.0
0.08526921272277832,-0.17409586906433105,2.0,2.0
0.13090991973876953,-0.025840282440185547,9.0,6.0
0.1200096607208252,0.12172555923461914,2.0,6.0
0.006948709487915039,0.0925745964050293,2.0,6.0
-0.3599228858947754,-0.26608753204345703,6.0,10.0
0.07471799850463867,-0.015599846839904785,6.0,2.0
0.07225990295410156,-0.018979549407958984,6.0,2.0
0.07301568984985352,0.27590346336364746,6.0,2.0
-3.133056163787842,2.347074508666992,9.0,6.0
0.008998394012451172,0.0223238468170166,6.0,2.0
0.04610586166381836,-0.16356277465820312,2.0,2.0
-1.480741024017334,-1.5746736526489258,6.0,10.0
-0.6352348327636719,0.32082462310791016,9.0,6.0
-0.038306474685668945,-1.1347622871398926,2.0,6.0
-0.048702239990234375,0.430661678314209,9.0,6.0
-0.07933759689331055,0.0015573501586914062,6.0,2.0
0.03726482391357422,0.18982887268066406,9.0,10.0
0.04192304611206055,-0.03564727306365967,6.0,2.0
0.12367916107177734,0.0017981529235839844,9.0,6.0
0.21728110313415527,0.2827754020690918,2.0,6.0
-0.06315195560455322,0.44275403022766113,2.0,2.0
0.08991813659667969,0.0777883529663086,9.0,10.0
-0.02854633331298828,0.04010725021362305,9.0,2.0
-0.021732807159423828,-0.14022862911224365,2.0,2.0
0.40349721908569336,1.7779107093811035,6.0,6.0
-0.0918574333190918,-0.07039356231689453,6.0,10.0
0.1121673583984375,0.06466960906982422,9.0,10.0
-0.028089523315429688,0.04011082649230957,9.0,2.0
0.35094571113586426,-0.16567397117614746,2.0,2.0
0.34700727462768555,1.4188733100891113,6.0,6.0
0.3226180076599121,0.8071770668029785,6.0,6.0
0.22158384323120117,0.4719662666320801,2.0,6.0
0.07234048843383789,0.00722503662109375,6.0,2.0
-0.028882980346679688,0.18955516815185547,9.0,10.0
0.5747640132904053,-0.16904211044311523,2.0,2.0
-0.05150926113128662,0.002377033233642578,2.0,6.0
-0.028166770935058594,0.04017066955566406,9.0,2.0
0.18825769424438477,0.35788965225219727,6.0,6.0
0.09185409545898438,0.03799915313720703,9.0,10.0
-0.12076187133789062,0.08384990692138672,9.0,10.0
0.10087776184082031,0.048110008239746094,9.0,10.0
0.04417109489440918,0.1332073211669922,2.0,10.0
0.05105447769165039,0.1235346794128418,6.0,2.0
0.08009719848632812,0.05030250549316406,9.0,10.0
0.06299591064453125,0.03854942321777344,2.0,10.0
0.36867475509643555,-0.02295398712158203,6.0,10.0
0.03669118881225586,-0.15413737297058105,2.0,2.0
-0.006569385528564453,-0.022417664527893066,6.0,2.0
2.059450626373291,1.14552640914917,2.0,6.0
-0.3390021324157715,0.0022394657135009766,6.0,2.0
0.07449483871459961,0.10502147674560547,2.0,10.0
-0.10280370712280273,-0.06198263168334961,2.0,6.0
-0.012947559356689453,-0.15178680419921875,2.0,2.0
0.033797264099121094,-0.01612091064453125,6.0,2.0
0.2885880470275879,0.7758054733276367,6.0,6.0
-0.01858055591583252,-0.15087413787841797,2.0,2.0
0.05801963806152344,0.12866592407226562,9.0,10.0
0.10084152221679688,0.07053732872009277,6.0,2.0
0.3117027282714844,0.3226017951965332,6.0,6.0
0.03227996826171875,-0.9810929298400879,2.0,6.0
0.09790229797363281,0.04335212707519531,9.0,10.0
-0.2156205177307129,0.0714578628540039,6.0,10.0
-0.3531002998352051,-0.4808206558227539,6.0,10.0
-0.028173446655273438,0.04017329216003418,9.0,2.0
0.04855966567993164,0.047464609146118164,6.0,2.0
0.03560066223144531,0.1020669937133789,9.0,10.0
-0.03645515441894531,0.038933753967285156,9.0,2.0
0.08939552307128906,0.06775379180908203,9.0,10.0
-0.02321803569793701,-0.12952005863189697,2.0,2.0
-0.006716609001159668,-2.0449330806732178,2.0,6.0
0.0691385269165039,0.06128215789794922,9.0,10.0
-0.017084598541259766,-0.005940914154052734,6.0,2.0
-0.027496337890625,0.038951873779296875,9.0,2.0
0.03537702560424805,0.07152843475341797,2.0,10.0
0.08001518249511719,0.04499340057373047,9.0,10.0
0.6632659435272217,0.5845131874084473,2.0,6.0
-0.028947830200195312,0.040056705474853516,9.0,2.0
0.38918256759643555,0.33884382247924805,6.0,6.0
0.9839320182800293,0.19230985641479492,6.0,6.0
-0.5156993865966797,0.45816659927368164,9.0,6.0
-0.26998376846313477,0.7324881553649902,6.0,6.0
0.12061476707458496,0.10311222076416016,2.0,10.0
0.2579793930053711,0.7527461051940918,6.0,6.0
0.19390439987182617,0.36298704147338867,6.0,6.0
0.4437108039855957,-2.177978992462158,6.0,10.0
0.46782493591308594,-0.4241499900817871,2.0,6.0
0.45697450637817383,-0.5639019012451172,6.0,10.0
-0.04530608654022217,-0.06090235710144043,2.0,2.0
0.05061626434326172,0.026565074920654297,6.0,2.0
0.03478050231933594,0.0842599868774414,2.0,10.0
0.08572769165039062,0.0835733413696289,9.0,10.0
-0.009583711624145508,-0.15343713760375977,2.0,2.0
0.8439702987670898,0.3884725570678711,6.0,10.0
0.715177059173584,-2.323363780975342,6.0,10.0
-0.018304944038391113,-0.15260696411132812,2.0,2.0
0.09939193725585938,0.08429241180419922,9.0,10.0
0.0588068962097168,0.036499977111816406,2.0,10.0
0.08097362518310547,0.13616323471069336,9.0,6.0
-0.019504547119140625,0.16101598739624023,2.0,6.0
-0.0801692008972168,1.0478711128234863,6.0,2.0
-0.028059005737304688,0.040086984634399414,9.0,2.0
-0.028440475463867188,0.04013419151306152,9.0,2.0
0.07369565963745117,-0.019477128982543945,6.0,2.0
0.4009995460510254,0.36450910568237305,6.0,6.0
0.10907363891601562,0.05905437469482422,9.0,10.0
0.09585952758789062,0.04242420196533203,9.0,10.0
-0.0531768798828125,0.04531693458557129,6.0,2.0
0.22537565231323242,0.471987247467041,6.0,6.0
-0.028057098388671875,0.04008674621582031,9.0,2.0
-0.028699874877929688,0.04009675979614258,9.0,2.0
0.08255767822265625,0.034010887145996094,9.0,10.0
0.09294700622558594,0.07134723663330078,9.0,10.0
0.0490875244140625,0.06296062469482422,2.0,10.0
0.11370468139648438,0.06788349151611328,9.0,10.0
0.024088382720947266,-0.01143503189086914,6.0,2.0
-0.42152833938598633,-0.6448221206665039,6.0,10.0
-1.2691936492919922,-0.10138022899627686,6.0,2.0
0.027048587799072266,-0.8109927177429199,2.0,6.0
-0.11670351028442383,-0.09558486938476562,6.0,10.0
-1.7179112434387207,0.33680009841918945,9.0,6.0
1.3934102058410645,-0.6308608055114746,2.0,6.0
-0.027807235717773438,0.03986620903015137,9.0,2.0
0.03569960594177246,-2.4585695266723633,2.0,6.0
1.3517746925354004,-0.043488502502441406,6.0,10.0
-0.02810955047607422,0.040157318115234375,9.0,2.0
-0.038485050201416016,-0.026395440101623535,6.0,2.0
0.038822174072265625,0.09099483489990234,6.0,2.0
0.21134710311889648,0.009682655334472656,6.0,10.0
0.3504652976989746,0.7451109886169434,6.0,6.0
0.035391807556152344,0.14318180084228516,2.0,10.0
-0.023983359336853027,0.13420486450195312,2.0,2.0
-0.03480494022369385,-0.1311793327331543,2.0,6.0
-0.019806623458862305,-0.14446258544921875,2.0,2.0
-0.028169631958007812,0.04017043113708496,9.0,2.0
-1.8054332733154297,0.2822842597961426,9.0,6.0
-0.01948833465576172,-0.13851487636566162,2.0,2.0
-0.5450878143310547,0.6647090911865234,9.0,6.0
0.06540822982788086,0.049282073974609375,2.0,10.0
-0.599583625793457,0.4164142608642578,9.0,6.0
-0.1427011489868164,0.02299022674560547,9.0,2.0
0.05858016014099121,0.036622047424316406,2.0,10.0
-0.030828475952148438,0.1831502914428711,9.0,10.0
-0.028067588806152344,0.039952754974365234,9.0,2.0
0.21351385116577148,0.19582653045654297,6.0,2.0
-0.011397480964660645,-0.15340697765350342,2.0,2.0
-0.018140435218811035,-0.15271592140197754,2.0,2.0
0.40512847900390625,0.43947744369506836,2.0,6.0
1.182727336883545,-3.773601531982422,6.0,10.0
0.15212202072143555,0.11129474639892578,2.0,10.0
0.5721449851989746,-0.29997825622558594,6.0,10.0
3.127511978149414,-2.078843593597412,2.0,6.0
0.4616875648498535,-0.004975318908691406,6.0,10.0
0.2151169776916504,-0.14552319049835205,2.0,2.0
-1.0353550910949707,0.6585469245910645,9.0,6.0
-0.03737306594848633,-0.09257316589355469,2.0,2.0
0.11348342895507812,0.0726461410522461,9.0,10.0
0.06957316398620605,0.11324691772460938,2.0,10.0
0.08426094055175781,0.038550376892089844,9.0,10.0
0.6729121208190918,0.39549875259399414,6.0,2.0
0.04601716995239258,-0.014303445816040039,6.0,2.0
-0.05226707458496094,-0.017735004425048828,2.0,6.0
0.07964420318603516,0.12315559387207031,9.0,10.0
-0.0554194450378418,-0.03617286682128906,6.0,2.0
0.06081533432006836,-0.04413557052612305,6.0,2.0
0.04970359802246094,0.047478675842285156,2.0,10.0
0.07098960876464844,0.14220666885375977,9.0,6.0
0.23946237564086914,0.053649187088012695,6.0,2.0
0.1728954315185547,-0.10620260238647461,9.0,6.0
0.10150909423828125,0.11534309387207031,9.0,10.0
0.1081838607788086,0.06087779998779297,9.0,10.0
1.7031984329223633,-1.7185134887695312,6.0,10.0
-0.0020351409912109375,0.04424095153808594,9.0,10.0
-0.10883140563964844,0.4765324592590332,9.0,6.0
0.11606788635253906,-0.17938661575317383,9.0,6.0
0.061519622802734375,0.08470678329467773,9.0,6.0
0.20264005661010742,0.31023168563842773,6.0,6.0
0.09609031677246094,0.041823387145996094,9.0,10.0
-0.09029746055603027,-0.03570222854614258,2.0,6.0
-1.4229793548583984,0.34062671661376953,9.0,6.0
-0.12885618209838867,-0.16553592681884766,6.0,10.0
-0.02051997184753418,-0.14594101905822754,2.0,2.0
0.46410322189331055,0.3047184944152832,6.0,6.0
0.37816619873046875,0.3530430793762207,6.0,6.0
0.5191960334777832,2.491482734680176,6.0,6.0
-0.04251289367675781,0.10820484161376953,9.0,6.0
-0.02812957763671875,0.04014754295349121,9.0,2.0
0.19438529014587402,0.5288882255554199,2.0,6.0
0.04703235626220703,0.1309194564819336,9.0,10.0
0.07381153106689453,-0.011723160743713379,6.0,2.0
0.06369781494140625,0.30211448669433594,6.0,2.0
0.16449213027954102,-0.1533203125,6.0,10.0
-0.03139936923980713,0.17199039459228516,2.0,10.0
0.10739612579345703,0.05681896209716797,9.0,10.0
-0.015626192092895508,-0.15217745304107666,2.0,2.0
-0.019799113273620605,0.09090948104858398,2.0,6.0
0.30550336837768555,1.2178850173950195,6.0,6.0
0.08614349365234375,0.09389567375183105,9.0,2.0
-0.12174081802368164,-0.15154385566711426,6.0,2.0
0.18941473960876465,0.5443696975708008,2.0,6.0
-0.030460357666015625,0.03894186019897461,9.0,2.0
0.24184465408325195,-0.9611005783081055,6.0,10.0
3.4772281646728516,3.587071418762207,2.0,6.0
0.1063241958618164,-0.057340145111083984,9.0,6.0
2.9549670219421387,-2.265166997909546,2.0,6.0
-0.04758405685424805,-0.0360029935836792,6.0,2.0
0.04694199562072754,0.2871537208557129,2.0,6.0
-0.01830148696899414,-0.15228688716888428,2.0,2.0
0.025906801223754883,0.24676847457885742,2.0,6.0
0.8022708892822266,0.29039621353149414,6.0,6.0
-0.02818584442138672,0.04015398025512695,9.0,2.0
0.4308009147644043,0.4947366714477539,6.0,10.0
1.6488945484161377,1.8259615898132324,2.0,6.0
0.02722787857055664,-2.114499092102051,6.0,10.0
-0.028159141540527344,0.040178775787353516,9.0,2.0
0.10958385467529297,0.08020687103271484,9.0,10.0
-0.16321229934692383,0.09377193450927734,6.0,2.0
-1.8377103805541992,0.488797664642334,9.0,6.0
0.4569993019104004,-2.5689048767089844,2.0,6.0
0.30924057960510254,0.3816981315612793,2.0,6.0
0.044404029846191406,0.10289764404296875,6.0,2.0
-1.117276668548584,1.8271832466125488,9.0,6.0
0.32183098793029785,-0.03010082244873047,2.0,10.0
0.6736898422241211,-0.5502653121948242,6.0,10.0
-0.028429031372070312,0.040134429931640625,9.0,2.0
-0.05063009262084961,0.044133663177490234,6.0,2.0
0.6964287757873535,-3.573439121246338,6.0,10.0
0.08002471923828125,0.043852806091308594,9.0,10.0
-0.03504133224487305,-1.2297635078430176,2.0,6.0
0.05260825157165527,0.043663978576660156,2.0,10.0
-0.028394699096679688,0.04013776779174805,9.0,2.0
0.09837913513183594,0.0817251205444336,9.0,10.0
-0.08728790283203125,-0.04736042022705078,6.0,10.0
0.3977386951446533,0.20849370956420898,2.0,6.0
-0.045081138610839844,0.03910994529724121,9.0,2.0
0.4703187942504883,0.004372596740722656,6.0,10.0
-0.07046318054199219,0.03379487991333008,9.0,2.0
0.11161041259765625,0.06363582611083984,9.0,10.0
0.10857868194580078,0.06342506408691406,9.0,10.0
1.0219874382019043,0.27594757080078125,6.0,10.0
0.041187286376953125,0.21740388870239258,9.0,6.0
-0.01802241802215576,-0.1476684808731079,2.0,2.0
-0.04649782180786133,-0.00957632064819336,2.0,6.0
0.21475982666015625,0.5373806953430176,2.0,6.0
-0.07939672470092773,-0.04493117332458496,6.0,2.0
-0.45247983932495117,-0.731389045715332,6.0,10.0
0.10866165161132812,0.05901813507080078,9.0,10.0
0.15742921829223633,0.3373088836669922,6.0,6.0
-0.47044897079467773,-1.172983169555664,6.0,10.0
0.055088043212890625,0.1660780906677246,9.0,6.0
-0.028177261352539062,0.0401763916015625,9.0,2.0
0.43478822708129883,-0.6783943176269531,6.0,10.0
0.4772837162017822,0.1875321865081787,2.0,2.0
0.04295969009399414,-0.02834010124206543,6.0,2.0
-0.02942633628845215,-0.03236663341522217,2.0,2.0
-0.18075180053710938,0.031042814254760742,6.0,2.0
0.09598159790039062,0.08556365966796875,9.0,6.0
-0.028192520141601562,0.04016757011413574,9.0,2.0
0.059984683990478516,0.035529136657714844,2.0,10.0
1.0946564674377441,-0.16276013851165771,2.0,2.0
0.005674839019775391,0.3028721809387207,2.0,6.0
-0.5262818336486816,-0.05562114715576172,6.0,2.0
-0.0776357650756836,0.055748701095581055,6.0,2.0
-0.001393437385559082,0.27555203437805176,2.0,2.0
0.11284828186035156,0.09408092498779297,9.0,10.0
0.05936002731323242,0.037021636962890625,2.0,10.0
-0.16351079940795898,-0.24820899963378906,6.0,10.0
0.29443883895874023,0.33135175704956055,6.0,6.0
0.07284235954284668,0.07336902618408203,2.0,10.0
0.10336780548095703,0.053437232971191406,9.0,10.0
-0.047476768493652344,0.03724241256713867,9.0,2.0
-0.04146230220794678,0.19279074668884277,2.0,2.0
-0.16448974609375,-0.2553291320800781,6.0,10.0
0.008877038955688477,-0.15369021892547607,2.0,2.0
0.14869952201843262,0.1370224952697754,2.0,6.0
-0.019904017448425293,0.11258149147033691,2.0,2.0
-0.02218472957611084,-0.1380990743637085,2.0,2.0
0.09274578094482422,0.041373252868652344,9.0,10.0
-0.0785679817199707,-0.08915245532989502,6.0,2.0
0.04115581512451172,0.2572803497314453,2.0,6.0
-1.3245329856872559,-1.3102970123291016,6.0,10.0
-0.014340758323669434,-0.1508646011352539,2.0,2.0
0.02596426010131836,0.510399580001831,6.0,2.0
-0.028159141540527344,0.040178537368774414,9.0,2.0
0.0741889476776123,0.10711479187011719,2.0,10.0
0.4030919075012207,0.3310685157775879,6.0,6.0
0.19202852249145508,3.02211856842041,6.0,6.0
0.039087533950805664,0.10545587539672852,2.0,6.0
0.0389094352722168,0.00041985511779785156,6.0,2.0
-0.2681884765625,-0.1977548599243164,6.0,10.0
0.04533195495605469,-0.011775851249694824,6.0,2.0
-0.01390695571899414,0.02018117904663086,6.0,2.0
0.6890089511871338,0.48000001907348633,2.0,6.0
0.19989347457885742,0.5406036376953125,6.0,2.0
0.1855010986328125,0.3090949058532715,6.0,6.0
-0.0281524658203125,0.040172576904296875,9.0,2.0
0.5264706611633301,0.7985875606536865,6.0,2.0
0.4295535087585449,0.4124445915222168,6.0,6.0
-0.029773712158203125,0.04669523239135742,9.0,2.0
-0.0844874382019043,0.01969432830810547,6.0,10.0
-0.030241966247558594,0.8580801486968994,6.0,2.0
0.09344100952148438,0.07153511047363281,9.0,10.0
0.11028194427490234,0.08059024810791016,9.0,10.0
0.030812978744506836,0.10330772399902344,2.0,10.0
0.7387785911560059,0.18573570251464844,6.0,10.0
0.04779958724975586,0.17183637619018555,6.0,2.0
-0.05147135257720947,-0.008679866790771484,2.0,6.0
-0.01512908935546875,0.027518749237060547,9.0,2.0
-0.22211503982543945,0.6386258602142334,6.0,2.0
1.021831750869751,0.671576976776123,2.0,6.0
0.17905426025390625,-0.0774068832397461,9.0,6.0
-0.13472223281860352,-0.039422035217285156,6.0,10.0
0.32364416122436523,-0.4072990417480469,6.0,10.0
0.04719877243041992,0.5506374835968018,2.0,2.0
0.060044288635253906,0.104034423828125,9.0,10.0
-0.9569339752197266,1.146139144897461,9.0,6.0
0.9488177299499512,1.1103553771972656,2.0,6.0
0.7831883430480957,0.3288998603820801,6.0,6.0
-1.266611099243164,-1.3598260879516602,6.0,10.0
0.10166549682617188,0.04801464080810547,9.0,10.0
0.2927727699279785,0.5607867240905762,6.0,6.0
0.856417179107666,0.5806975364685059,6.0,6.0
1.6966848373413086,1.1907281875610352,6.0,2.0
-0.02814006805419922,0.04008746147155762,9.0,2.0
-0.028777122497558594,0.040085554122924805,9.0,2.0
0.40443873405456543,0.6496005058288574,2.0,6.0
0.4646151065826416,0.7570996284484863,2.0,6.0
0.3626894950866699,0.8221268653869629,6.0,6.0
-0.028148651123046875,0.04016757011413574,9.0,2.0
0.3465695381164551,0.4007105827331543,6.0,6.0
0.11365127563476562,0.07055187225341797,9.0,10.0
-0.01849651336669922,-0.15193498134613037,2.0,2.0
0.6646618843078613,0.41596031188964844,6.0,10.0
-0.6339988708496094,1.2932066917419434,9.0,6.0
0.18866586685180664,0.4088592529296875,6.0,6.0
-0.35474205017089844,0.24976682662963867,9.0,6.0
0.057036638259887695,0.038806915283203125,2.0,10.0
0.6204948425292969,0.7351317405700684,2.0,6.0
-0.030081868171691895,0.00041365623474121094,2.0,2.0
-0.028197288513183594,0.04017281532287598,9.0,2.0
0.1008758544921875,0.04817485809326172,9.0,10.0
-0.05933713912963867,0.03887176513671875,6.0,2.0
-0.05410957336425781,0.44542503356933594,9.0,6.0
0.1134939193725586,0.07488155364990234,9.0,10.0
-0.015977859497070312,0.09611225128173828,9.0,6.0
-0.005253314971923828,-0.006585955619812012,6.0,2.0
1.5688371658325195,-2.0403809547424316,6.0,10.0
1.0250029563903809,-1.5024433135986328,6.0,10.0
-1.0593557357788086,-1.0795774459838867,6.0,10.0
0.18041563034057617,-2.9878687858581543,6.0,10.0
0.06137847900390625,0.44275379180908203,6.0,10.0
0.7758646011352539,-0.19661235809326172,6.0,10.0
1.3393020629882812,1.0493245124816895,6.0,2.0
0.5852117538452148,0.17615795135498047,6.0,10.0
-0.034305691719055176,-0.10133540630340576,2.0,2.0
0.060485124588012695,0.03564262390136719,2.0,10.0
0.30806875228881836,0.4199652671813965,6.0,6.0
0.07606983184814453,0.016136646270751953,6.0,2.0
0.029288768768310547,0.32552552223205566,6.0,2.0
0.05649375915527344,0.26735830307006836,9.0,6.0
-0.18736648559570312,0.12288618087768555,9.0,6.0
-0.028142929077148438,0.04015183448791504,9.0,2.0
-0.7421631813049316,-0.6211347579956055,6.0,10.0
0.08202433586120605,0.07332420349121094,2.0,10.0
0.6973938941955566,0.5039701461791992,6.0,10.0
-3.754467248916626,0.018487215042114258,6.0,2.0
0.09164905548095703,0.03773689270019531,9.0,10.0
0.1406078338623047,-0.028904438018798828,9.0,6.0
-0.14242172241210938,0.02302408218383789,9.0,2.0
0.3739585876464844,1.127234935760498,6.0,6.0
-0.3601107597351074,-0.629237174987793,6.0,10.0
0.39818644523620605,-0.16629397869110107,2.0,2.0
0.6354207992553711,0.2573075294494629,6.0,6.0
0.09917449951171875,0.08260154724121094,9.0,10.0
-0.02671682834625244,-2.015363931655884,2.0,6.0
0.8448681831359863,0.8997073173522949,2.0,6.0
0.07585525512695312,0.10162591934204102,9.0,6.0
0.18914461135864258,0.3412480354309082,6.0,6.0
0.030894041061401367,0.11042118072509766,2.0,10.0
-0.46460533142089844,0.3016815185546875,9.0,6.0
0.06346821784973145,0.0430755615234375,2.0,10.0
0.04159688949584961,0.06270313262939453,2.0,10.0
-0.8689231872558594,0.30893945693969727,9.0,6.0
0.2665276527404785,0.6995816230773926,6.0,6.0
-0.02870941162109375,0.04009604454040527,9.0,2.0
0.10833549499511719,0.08481884002685547,9.0,10.0
0.017820358276367188,-0.010060787200927734,6.0,2.0
-2.707618236541748,0.4320487976074219,9.0,6.0
0.09472942352294922,0.04183197021484375,9.0,10.0
0.043875932693481445,-1.2668018341064453,2.0,6.0
0.9116203784942627,-0.04538297653198242,2.0,6.0
-0.042766451835632324,-0.06185758113861084,2.0,2.0
-0.40378618240356445,1.2403244972229004,6.0,2.0
-0.0277099609375,0.03964495658874512,9.0,2.0
0.06429100036621094,0.08412456512451172,9.0,10.0
-0.021625280380249023,-0.10472869873046875,2.0,2.0
0.1133575439453125,0.06671428680419922,9.0,10.0
-0.03949236869812012,0.7902235984802246,2.0,2.0
0.28950929641723633,-1.3792028427124023,2.0,6.0
1.278221607208252,-3.538214683532715,6.0,10.0
-0.02883625030517578,0.04007148742675781,9.0,2.0
0.07529282569885254,0.08139610290527344,2.0,10.0
0.07201647758483887,0.09941387176513672,2.0,10.0
0.10266590118408203,0.15536785125732422,9.0,10.0
-0.020735740661621094,-0.14533746242523193,2.0,2.0
0.03642868995666504,0.022620201110839844,2.0,10.0
0.039946556091308594,0.06457996368408203,2.0,10.0
0.12585735321044922,0.15014266967773438,2.0,6.0
-0.03801536560058594,0.03870964050292969,9.0,2.0
1.0797381401062012,0.9972195625305176,2.0,6.0
0.08981609344482422,0.06454181671142578,9.0,10.0
-0.5464076995849609,1.274752140045166,9.0,6.0
0.275937557220459,-0.2858743667602539,6.0,10.0
-0.0283203125,0.04015636444091797,9.0,2.0
-0.024051904678344727,-0.031122446060180664,2.0,2.0
0.02145242691040039,-0.15425455570220947,2.0,2.0
0.6424641609191895,0.8252682685852051,6.0,6.0
-0.017313838005065918,-0.15274369716644287,2.0,2.0
-0.0167391300201416,-0.1525111198425293,2.0,2.0
1.0225777626037598,0.29219579696655273,6.0,6.0
0.3247687816619873,-2.2774264812469482,2.0,6.0
0.107208251953125,0.057740211486816406,9.0,10.0
-0.5344705581665039,0.4185981750488281,9.0,6.0
0.07462477684020996,0.0902261734008789,2.0,10.0
0.06601452827453613,0.11388683319091797,2.0,10.0
-0.0025714635848999023,-0.14860284328460693,2.0,2.0
-0.031785011291503906,0.03807473182678223,9.0,2.0
-0.41504526138305664,-0.2920808792114258,6.0,10.0
0.005185842514038086,0.16242694854736328,2.0,10.0
-0.1668868064880371,-0.15038394927978516,6.0,10.0
0.34485721588134766,0.45591020584106445,2.0,6.0
0.04821348190307617,-0.18502426147460938,6.0,10.0
0.05710744857788086,0.1146383285522461,6.0,10.0
0.01645374298095703,0.15907573699951172,2.0,10.0
0.24356698989868164,0.45966005325317383,6.0,6.0
0.1936509609222412,0.07619571685791016,2.0,10.0
0.0015025138854980469,0.31252527236938477,2.0,6.0
-0.018124103546142578,-0.1522219181060791,2.0,2.0
-1.6077561378479004,0.5099802017211914,9.0,6.0
-0.5735354423522949,-0.055918335914611816,6.0,2.0
-2.020336866378784,-2.694897174835205,6.0,10.0
-0.028182029724121094,0.04017210006713867,9.0,2.0
-0.09495306015014648,1.0371744632720947,6.0,2.0
0.10771584510803223,-0.17719602584838867,2.0,2.0
0.05618858337402344,0.03704643249511719,9.0,10.0
0.42435693740844727,0.9501376152038574,6.0,6.0
0.2382826805114746,0.2762913703918457,6.0,6.0
0.11290168762207031,0.06852245330810547,9.0,10.0
-0.016818642616271973,-0.14736008644104004,2.0,2.0
-0.01801896095275879,-0.15273284912109375,2.0,2.0
-0.03887069225311279,1.497431755065918,2.0,2.0
-0.011750459671020508,-0.15300559997558594,2.0,2.0
0.25445127487182617,0.1251974105834961,6.0,10.0
2.0123305320739746,-0.14845514297485352,2.0,6.0
-0.060475826263427734,0.032937049865722656,6.0,2.0
0.10172843933105469,0.04809856414794922,9.0,10.0
0.05993509292602539,0.035579681396484375,2.0,10.0
0.047237396240234375,0.10084819793701172,9.0,10.0
0.013663291931152344,0.15950679779052734,2.0,10.0
0.20357751846313477,0.5683963298797607,6.0,2.0
0.06909799575805664,0.06937789916992188,2.0,10.0
-0.028162002563476562,0.04008603096008301,9.0,2.0
0.4618973731994629,2.0071983337402344,6.0,6.0
0.07153034210205078,0.10108184814453125,2.0,10.0
0.0643606185913086,0.12072181701660156,2.0,10.0
0.0384366512298584,0.06332683563232422,2.0,10.0
0.032749176025390625,-0.018391966819763184,9.0,2.0
0.40231823921203613,-1.4975991249084473,2.0,6.0
0.04383134841918945,0.10889720916748047,6.0,2.0
-0.028110504150390625,0.040004730224609375,9.0,2.0
0.13783931732177734,0.08014822006225586,9.0,2.0
0.353757381439209,1.6125211715698242,6.0,6.0
0.36097097396850586,-2.8130974769592285,6.0,10.0
-0.01816713809967041,-0.14255070686340332,2.0,2.0
0.21851682662963867,0.8107762336730957,6.0,6.0
0.08916854858398438,0.1271200180053711,9.0,6.0
-0.02814960479736328,0.04012751579284668,9.0,2.0
0.03819394111633301,0.11722660064697266,2.0,6.0
0.08617973327636719,0.1413121223449707,9.0,6.0
-0.07852387428283691,-0.08054780960083008,2.0,6.0
0.23891401290893555,0.4070124626159668,6.0,6.0
0.27992868423461914,0.7468390464782715,6.0,6.0
0.18740129470825195,0.21086740493774414,2.0,6.0
-0.3819003105163574,-0.2680950164794922,6.0,10.0
0.06925177574157715,0.05321025848388672,2.0,10.0
0.06757259368896484,0.1498417854309082,9.0,6.0
-0.004899859428405762,0.17522811889648438,2.0,10.0
0.9765481948852539,0.317934513092041,6.0,6.0
0.05362439155578613,-0.15956532955169678,2.0,2.0
0.2000110149383545,1.063490867614746,2.0,2.0
0.036852359771728516,-0.011363744735717773,6.0,2.0
-0.028268814086914062,0.0401616096496582,9.0,2.0
0.4935111999511719,-0.014370918273925781,6.0,10.0
0.36054468154907227,0.5969204902648926,6.0,6.0
0.08893632888793945,0.09037446975708008,6.0,2.0
-0.5243415832519531,0.661163330078125,9.0,6.0
-1.4452595710754395,-0.021495699882507324,6.0,2.0
0.3356461524963379,0.565859317779541,6.0,6.0
-0.007299900054931641,0.038641929626464844,6.0,2.0
0.07187533378601074,0.10047340393066406,2.0,10.0
0.24134016036987305,0.3965916633605957,6.0,6.0
0.05066490173339844,0.8235487937927246,2.0,2.0
0.09822654724121094,0.08045291900634766,9.0,10.0
0.17027759552001953,-0.18286514282226562,9.0,6.0
0.3576369285583496,-0.017891883850097656,6.0,2.0
0.1710371971130371,0.38854074478149414,6.0,6.0
0.2411479949951172,0.35968637466430664,6.0,6.0
-0.028544902801513672,-2.232203245162964,2.0,6.0
0.1542196273803711,-0.0574798583984375,6.0,10.0
0.05284833908081055,-0.0031828880310058594,6.0,2.0
0.05101156234741211,0.04125642776489258,6.0,2.0
0.07169842720031738,0.11034870147705078,2.0,10.0
0.7846150398254395,0.3268308639526367,6.0,6.0
-0.0658254623413086,0.18825483322143555,9.0,6.0
0.0839986801147461,-0.027241230010986328,9.0,6.0
-0.022508621215820312,-0.030265450477600098,6.0,2.0
0.07810068130493164,0.1223447322845459,6.0,2.0
0.022283554077148438,0.5077211856842041,6.0,2.0
0.10878658294677734,0.0691995620727539,9.0,10.0
-0.46674060821533203,-0.3986701965332031,6.0,10.0
0.0476686954498291,0.05079460144042969,2.0,10.0
1.0500884056091309,0.12235689163208008,6.0,6.0
1.126756191253662,-0.5557231903076172,6.0,10.0
0.47055673599243164,-0.03136920928955078,6.0,10.0
-0.4655880928039551,-0.669001579284668,6.0,10.0
-0.1440896987915039,-0.1204071044921875,6.0,10.0
0.06004762649536133,0.032967567443847656,2.0,10.0
-0.02991485595703125,0.03991556167602539,9.0,2.0
2.584507465362549,2.4348316192626953,2.0,6.0
0.46291017532348633,0.36211347579956055,6.0,6.0
-0.02817821502685547,0.04015827178955078,9.0,2.0
-0.10830450057983398,-0.08171224594116211,2.0,6.0
0.40278196334838867,0.35528063774108887,6.0,2.0
0.6854672431945801,-2.1308398246765137,6.0,10.0
0.9485888481140137,-2.6899218559265137,6.0,10.0
0.3446774482727051,1.3434052467346191,6.0,6.0
-0.027792930603027344,0.04015398025512695,9.0,2.0
-0.026731491088867188,0.039998531341552734,9.0,2.0
1.724541425704956,1.6054282188415527,2.0,6.0
0.06428241729736328,0.14782094955444336,9.0,6.0
0.10022449493408203,0.23139190673828125,9.0,10.0
-0.07500457763671875,0.20912599563598633,9.0,6.0
-1.9614009857177734,-2.1030898094177246,6.0,10.0
0.06017494201660156,0.03393268585205078,2.0,10.0
0.06327009201049805,-0.03265023231506348,6.0,2.0
0.20943808555603027,-1.3443684577941895,2.0,6.0
0.9559986591339111,0.9888596534729004,2.0,6.0
-0.044420719146728516,0.0481867790222168,6.0,2.0
0.4145088195800781,0.14230632781982422,6.0,10.0
-0.07369804382324219,0.23181939125061035,2.0,2.0
0.31952619552612305,0.35016393661499023,6.0,6.0
0.0706322193145752,0.057147979736328125,2.0,10.0
0.08274459838867188,0.12521743774414062,9.0,10.0
0.1509237289428711,0.34856462478637695,6.0,6.0
-2.6635422706604004,0.6041903495788574,9.0,6.0
-0.8690919876098633,-0.08298993110656738,6.0,2.0
0.0688028335571289,0.050354957580566406,2.0,10.0
1.2333810329437256,-0.7269835472106934,2.0,6.0
0.0431065559387207,-0.03638255596160889,6.0,2.0
0.016450881958007812,-0.15286779403686523,2.0,2.0
-0.2946305274963379,-0.8675441741943359,6.0,10.0
-0.028196334838867188,0.040086984634399414,9.0,2.0
-0.037423133850097656,0.28438520431518555,9.0,6.0
0.02056121826171875,-0.15357530117034912,2.0,2.0
0.08877182006835938,0.16312408447265625,9.0,10.0
0.09530830383300781,0.031346797943115234,9.0,6.0
0.06675362586975098,0.10885906219482422,2.0,10.0
-0.016404032707214355,-0.1495518684387207,2.0,2.0
0.3346390724182129,0.5539216995239258,6.0,6.0
0.08846282958984375,0.10586261749267578,2.0,10.0
0.17909669876098633,0.3108391761779785,6.0,6.0
-0.3777322769165039,0.2700314521789551,9.0,6.0
-0.28375911712646484,-0.3687095642089844,6.0,10.0
0.010956525802612305,-0.15169894695281982,2.0,2.0
0.9738390445709229,0.9724082946777344,2.0,6.0
0.004217863082885742,-0.7026200294494629,2.0,6.0
-0.018671274185180664,-0.13827252388000488,2.0,2.0
1.240959644317627,-2.974259376525879,6.0,10.0
-0.02241802215576172,0.03475618362426758,9.0,2.0
-0.048375725746154785,0.7515816688537598,2.0,2.0
1.5517852306365967,-0.16829347610473633,2.0,6.0
0.024089336395263672,0.11096858978271484,2.0,10.0
0.16884422302246094,0.1040334701538086,9.0,6.0
-0.028276443481445312,0.0401606559753418,9.0,2.0
-0.02839946746826172,0.03623247146606445,9.0,2.0
0.02143120765686035,0.10013580322265625,2.0,10.0
0.112274169921875,0.0724172592163086,9.0,10.0
0.11374855041503906,0.06757259368896484,9.0,10.0
-0.02858734130859375,0.04011416435241699,9.0,2.0
0.11090087890625,0.06219196319580078,9.0,10.0
0.05536675453186035,0.040139198303222656,2.0,10.0
0.04446005821228027,-0.12299835681915283,2.0,2.0
-0.0283203125,0.040135860443115234,9.0,2.0
-0.019092082977294922,-0.09164083003997803,2.0,2.0
-0.02295708656311035,-0.09762299060821533,2.0,2.0
0.09361648559570312,0.13734912872314453,9.0,10.0
-0.02812957763671875,0.04018592834472656,9.0,2.0
-0.03232085704803467,-1.1485257148742676,2.0,6.0
0.5106005668640137,0.40369462966918945,6.0,6.0
0.02385711669921875,-0.0011788606643676758,6.0,2.0
-0.02347087860107422,0.17960548400878906,2.0,2.0
-0.4363594055175781,0.18678903579711914,9.0,6.0
-1.5454578399658203,-1.6576728820800781,6.0,10.0
-2.9030649662017822,-0.16134321689605713,6.0,2.0
0.003227710723876953,-0.1543060541152954,2.0,2.0
0.08863449096679688,0.0736703872680664,2.0,10.0
0.09606552124023438,0.1565256118774414,9.0,10.0
0.07129192352294922,0.11027050018310547,2.0,10.0
0.09487724304199219,0.16044139862060547,9.0,10.0
0.0007882118225097656,0.06786131858825684,6.0,2.0
0.009870052337646484,0.020459651947021484,6.0,2.0
0.0808248519897461,0.045818328857421875,9.0,10.0
0.8694748878479004,-0.500981330871582,6.0,10.0
4.135917663574219,2.073794364929199,2.0,6.0
-0.1674480438232422,0.15810918807983398,9.0,6.0
0.07237529754638672,0.37509846687316895,2.0,2.0
0.07970094680786133,0.2511770725250244,6.0,2.0
0.22775745391845703,0.31808996200561523,6.0,6.0
-0.27452993392944336,-0.2039623260498047,6.0,10.0
0.21019744873046875,-0.12142086029052734,9.0,6.0
0.08227348327636719,0.05182933807373047,9.0,10.0
-0.0564117431640625,-0.0498279333114624,6.0,2.0
-0.6269712448120117,-0.5516271591186523,6.0,10.0
0.678382396697998,0.5980944633483887,2.0,6.0
-0.09737265110015869,-0.06100893020629883,2.0,6.0
-0.029636383056640625,0.0393829345703125,9.0,2.0
-0.09096670150756836,0.38541316986083984,6.0,2.0
-0.028039932250976562,0.040055036544799805,9.0,2.0
-0.16265869140625,0.2468099594116211,9.0,6.0
2.777475357055664,2.7505741119384766,2.0,6.0
-0.040438294410705566,0.19141197204589844,2.0,2.0
-1.4061012268066406,2.459956169128418,9.0,6.0
0.2738962173461914,0.36879634857177734,6.0,10.0
0.04816889762878418,0.07138252258300781,2.0,10.0
-0.028158187866210938,0.040178775787353516,9.0,2.0
-0.33660221099853516,0.6673269271850586,9.0,6.0
0.10778403282165527,-0.026619911193847656,2.0,6.0
0.1596050262451172,0.5266022682189941,2.0,6.0
-0.028287887573242188,0.040157318115234375,9.0,2.0
0.1230766773223877,0.12873172760009766,2.0,10.0
0.022244930267333984,0.12981557846069336,6.0,2.0
0.11127853393554688,0.09762191772460938,9.0,10.0
0.0739755630493164,0.1426219940185547,9.0,6.0
0.07408833503723145,0.1073446273803711,2.0,10.0
-0.19960260391235352,-0.2704296112060547,6.0,10.0
0.06563115119934082,0.09068965911865234,2.0,10.0
-0.030945897102355957,-0.11351954936981201,2.0,2.0
-0.01510608196258545,-0.1526402235031128,2.0,2.0
-0.43527984619140625,0.1630229949951172,9.0,6.0
-0.028150558471679688,0.040170907974243164,9.0,2.0
-0.0005950927734375,0.04778003692626953,9.0,10.0
-0.006469845771789551,-0.12838339805603027,2.0,2.0
0.05673837661743164,0.044272422790527344,2.0,10.0
-0.04945504665374756,0.6248619556427002,2.0,2.0
0.07348251342773438,0.1546311378479004,9.0,6.0
0.6865832805633545,0.9042143821716309,2.0,6.0
0.47525787353515625,0.7527565956115723,6.0,6.0
0.060889244079589844,0.03702831268310547,2.0,10.0
0.0900115966796875,0.036355018615722656,9.0,10.0
1.678060531616211,2.361863613128662,6.0,2.0
0.33817005157470703,0.5166926383972168,2.0,6.0
0.2742760181427002,-0.16038119792938232,2.0,2.0
0.2787163257598877,0.6221065521240234,2.0,6.0
0.012175559997558594,0.001218557357788086,9.0,2.0
0.11352157592773438,0.06727123260498047,9.0,10.0
0.15390634536743164,-0.44450950622558594,6.0,10.0
0.07392740249633789,0.08157062530517578,2.0,10.0
0.47122955322265625,-0.2359323501586914,6.0,10.0
0.034717559814453125,0.15455245971679688,9.0,6.0
-2.3837523460388184,4.159907341003418,9.0,6.0
0.049413204193115234,0.11219596862792969,2.0,10.0
0.03461456298828125,0.18969106674194336,9.0,6.0
0.11334037780761719,0.06726741790771484,9.0,10.0
0.06527447700500488,0.042922019958496094,2.0,10.0
0.05229973793029785,0.047122955322265625,2.0,10.0
0.6545872688293457,0.6182284355163574,6.0,6.0
0.09168148040771484,0.1734151840209961,9.0,10.0
0.08419322967529297,0.1334247589111328,9.0,10.0
-0.07452046871185303,-0.014358043670654297,2.0,6.0
0.05258798599243164,-0.023979783058166504,6.0,2.0
0.09404873847961426,0.07582664489746094,2.0,10.0
0.29844141006469727,0.3425917625427246,6.0,6.0
0.03200507164001465,0.11084651947021484,2.0,10.0
0.09559440612792969,0.0754690170288086,9.0,10.0
-0.062152862548828125,-0.021038532257080078,6.0,2.0
-0.028158187866210938,0.04017806053161621,9.0,2.0
-0.026090621948242188,0.1630840301513672,9.0,10.0
3.1596484184265137,3.161078453063965,2.0,6.0
0.0547940731048584,0.1313304901123047,2.0,10.0
0.042832136154174805,0.06296253204345703,2.0,10.0
-0.4710822105407715,-0.3834495544433594,6.0,10.0
-1.2692642211914062,0.5043473243713379,6.0,2.0
-0.028337478637695312,0.03859591484069824,9.0,2.0
0.0791926383972168,0.08549213409423828,2.0,10.0
0.008587837219238281,0.017580509185791016,6.0,2.0
0.08842277526855469,1.2290704250335693,6.0,2.0
-0.017043352127075195,-0.15290701389312744,2.0,2.0
0.13819456100463867,0.3458290100097656,6.0,6.0
0.08249664306640625,0.05819416046142578,9.0,10.0
0.48626232147216797,0.15681934356689453,6.0,10.0
0.37090086936950684,-0.16603624820709229,2.0,2.0
0.10772705078125,0.061516761779785156,9.0,10.0
0.07459640502929688,0.05477714538574219,9.0,10.0
0.06714487075805664,0.001087188720703125,6.0,2.0
-0.028066635131835938,0.040069580078125,9.0,2.0
0.21660804748535156,0.766150951385498,6.0,6.0
-0.6584925651550293,0.04658150672912598,6.0,2.0
0.06611490249633789,0.046957969665527344,2.0,10.0
0.08293318748474121,-0.04214811325073242,2.0,6.0
0.06347036361694336,0.0426025390625,2.0,10.0
-0.03054523468017578,0.03981900215148926,9.0,2.0
0.07148551940917969,0.059531211853027344,2.0,10.0
0.07986259460449219,0.04401206970214844,9.0,10.0
0.03574681282043457,-0.15533185005187988,2.0,2.0
0.08892631530761719,0.13492536544799805,9.0,6.0
0.5476527214050293,0.4053168296813965,6.0,6.0
0.10522270202636719,0.05424785614013672,9.0,10.0
0.20041418075561523,0.38704442977905273,6.0,6.0
-2.437563419342041,2.5664215087890625,9.0,6.0
0.12885046005249023,0.0924825668334961,6.0,10.0
0.11331939697265625,0.11728096008300781,9.0,10.0
0.7323696613311768,-0.16439080238342285,2.0,2.0
1.126753330230713,0.1047506332397461,6.0,10.0
0.11336612701416016,0.06849384307861328,9.0,10.0
0.03702282905578613,0.11799812316894531,2.0,10.0
0.11238670349121094,0.06487846374511719,9.0,10.0
0.6708023548126221,0.7278475761413574,2.0,6.0
-0.12422990798950195,0.8472332954406738,6.0,2.0
0.22350358963012695,0.4764370918273926,6.0,6.0
-0.028595924377441406,0.04010772705078125,9.0,2.0
0.0957326889038086,0.15056324005126953,9.0,10.0
-0.5199418067932129,0.41593384742736816,6.0,2.0
-0.9777188301086426,-1.1201982498168945,6.0,10.0
-0.04092872142791748,0.30300092697143555,2.0,2.0
-0.026715874671936035,0.045020103454589844,2.0,2.0
0.08284282684326172,0.033553123474121094,9.0,10.0
-0.46265602111816406,0.46613454818725586,9.0,6.0
-0.356386661529541,-0.01626729965209961,6.0,2.0
-0.028161048889160156,0.04017806053161621,9.0,2.0
-0.006072044372558594,0.018774032592773438,6.0,10.0
0.05841326713562012,0.036133766174316406,2.0,10.0
0.2081308364868164,-0.6465177536010742,6.0,10.0
0.19002008438110352,0.2983975410461426,6.0,6.0
-0.039223670959472656,0.8930079936981201,6.0,2.0
0.09064579010009766,0.03676414489746094,9.0,10.0
0.2840714454650879,1.1043095588684082,6.0,6.0
0.021393775939941406,-0.029338479042053223,6.0,2.0
0.11059093475341797,0.06222057342529297,9.0,10.0
0.023046493530273438,0.08809566497802734,9.0,10.0
0.1199190616607666,0.12815475463867188,2.0,10.0
0.2057633399963379,0.14939403533935547,6.0,10.0
-0.019855856895446777,-0.14213013648986816,2.0,2.0
0.29957103729248047,0.33652257919311523,2.0,6.0
0.44332456588745117,0.3227505683898926,6.0,6.0
-0.0012727975845336914,0.08540010452270508,2.0,6.0
0.10998725891113281,0.06549835205078125,9.0,10.0
0.3161921501159668,0.47370052337646484,6.0,6.0
0.3093116283416748,-0.15942776203155518,2.0,2.0
0.08020210266113281,0.048623085021972656,9.0,10.0
0.07448148727416992,0.10534954071044922,2.0,10.0
-0.028214454650878906,0.04017043113708496,9.0,2.0
-0.028136253356933594,0.040154457092285156,9.0,2.0
0.3259596824645996,0.5970449447631836,6.0,6.0
0.0717473030090332,-0.01913630962371826,6.0,2.0
-0.013614654541015625,0.23526382446289062,9.0,10.0
0.6261630058288574,0.33884096145629883,6.0,6.0
3.1442031860351562,3.0215349197387695,2.0,6.0
0.3642258644104004,0.10143566131591797,6.0,10.0
0.022955894470214844,0.1260676383972168,6.0,2.0
-0.27379608154296875,0.990659236907959,9.0,6.0
-0.008119583129882812,0.025012969970703125,9.0,10.0
-0.404449462890625,-0.45665836334228516,6.0,10.0
-0.004029750823974609,0.010806083679199219,6.0,2.0
0.03718090057373047,0.053049564361572266,9.0,6.0
-0.11390495300292969,0.5482640266418457,9.0,6.0
0.04453229904174805,-0.03664278984069824,6.0,2.0
-0.11385250091552734,0.01021575927734375,9.0,2.0
-2.657132625579834,0.42247629165649414,9.0,6.0
0.21198129653930664,0.34346532821655273,6.0,6.0
0.3535490036010742,0.9598345756530762,6.0,6.0
0.07446050643920898,0.07774734497070312,2.0,10.0
-0.004639625549316406,0.00600743293762207,6.0,2.0
0.1418170928955078,0.06518125534057617,2.0,6.0
0.05930662155151367,0.035399436950683594,2.0,10.0
0.06303215026855469,0.17273855209350586,9.0,6.0
-0.046491265296936035,0.7707831859588623,2.0,2.0
-0.08405876159667969,0.007696628570556641,9.0,6.0
0.32830333709716797,-2.291111469268799,6.0,10.0
-0.0063555240631103516,0.36830663681030273,2.0,6.0
0.21867036819458008,0.3198423385620117,6.0,10.0
-0.027566909790039062,0.2456989288330078,6.0,2.0
0.5914902687072754,0.30048418045043945,6.0,6.0
-0.028148651123046875,0.040091753005981445,9.0,2.0
-0.023462295532226562,-0.13116133213043213,2.0,2.0
-0.03889942169189453,0.01049184799194336,6.0,2.0
0.9782462120056152,-1.7775154113769531,6.0,10.0
0.9679527282714844,-0.6139764785766602,2.0,6.0
0.16685819625854492,1.3446731567382812,6.0,6.0
0.06492257118225098,0.042550086975097656,2.0,10.0
-0.01358652114868164,0.04519081115722656,6.0,2.0
-0.012869596481323242,-0.152809739112854,2.0,2.0
-0.0283203125,0.04004049301147461,9.0,2.0
0.06989693641662598,0.06840133666992188,2.0,10.0
-2.533771514892578,0.36921262741088867,9.0,6.0
0.04692697525024414,0.07345008850097656,2.0,10.0
0.30241823196411133,1.2542977333068848,6.0,6.0
2.028022289276123,-0.13672685623168945,2.0,2.0
-0.027924537658691406,0.04009056091308594,9.0,2.0
0.21274995803833008,0.34449100494384766,6.0,6.0
-1.2425456047058105,1.6066093444824219,9.0,6.0
-0.01861131191253662,-0.15247678756713867,2.0,2.0
-0.010884761810302734,-0.15369725227355957,2.0,2.0
0.08450937271118164,-0.07809615135192871,6.0,2.0
-0.10880470275878906,-0.026683449745178223,6.0,2.0
0.03429079055786133,-0.04874300956726074,6.0,2.0
-0.0407865047454834,-0.05234336853027344,2.0,6.0
0.09416389465332031,0.11957740783691406,9.0,6.0
-0.005214333534240723,-0.14763760566711426,2.0,2.0
-0.019779324531555176,-0.13245928287506104,2.0,2.0
1.2004165649414062,0.07687520980834961,6.0,6.0
0.10516929626464844,0.057898521423339844,9.0,10.0
-0.028130531311035156,0.040167808532714844,9.0,2.0
0.05315256118774414,0.049653053283691406,6.0,10.0
0.035251617431640625,0.012621402740478516,2.0,6.0
0.02312946319580078,0.10205507278442383,2.0,6.0
-0.028153419494628906,0.04017210006713867,9.0,2.0
-0.015299558639526367,-0.14885687828063965,2.0,2.0
0.2315845489501953,0.3087935447692871,6.0,6.0
2.9964780807495117,-3.8183035850524902,6.0,10.0
-0.027265548706054688,0.039306640625,9.0,2.0
0.6021387577056885,0.5450935363769531,2.0,6.0
-0.09475171566009521,-0.06961727142333984,2.0,6.0
0.07504558563232422,0.09977531433105469,2.0,10.0
0.344310998916626,0.3510303497314453,2.0,6.0
-0.03966033458709717,-0.08320558071136475,2.0,2.0
0.380368709564209,0.28931570053100586,6.0,6.0
0.09265995025634766,0.06972503662109375,9.0,10.0
0.07348513603210449,0.1072549819946289,2.0,10.0
-0.023810863494873047,-0.10522425174713135,2.0,2.0
-0.028207778930664062,0.04017186164855957,9.0,2.0
-0.029924392700195312,-0.057762861251831055,6.0,2.0
-2.8527607917785645,4.01921272277832,9.0,6.0
-0.02793598175048828,0.03749203681945801,9.0,2.0
0.05948019027709961,0.08850574493408203,2.0,10.0
0.0677039623260498,0.11291122436523438,2.0,10.0
-0.0732269287109375,0.1946401596069336,9.0,10.0
3.4693140983581543,2.4112205505371094,2.0,6.0
-0.2082061767578125,0.33801698684692383,9.0,6.0
0.23918581008911133,0.7769331932067871,6.0,6.0
0.274599552154541,0.44295549392700195,6.0,6.0
-0.011636495590209961,-0.1533290147781372,2.0,2.0
0.09217643737792969,0.06894874572753906,9.0,10.0
-0.030528903007507324,0.11790013313293457,2.0,2.0
0.10027122497558594,-0.04017496109008789,9.0,6.0
-0.027910232543945312,0.03994584083557129,9.0,2.0
0.08403396606445312,0.0878152847290039,9.0,6.0
-0.04184722900390625,0.03817105293273926,9.0,2.0
0.4593477249145508,0.33489131927490234,6.0,10.0
-0.7617225646972656,-0.8631181716918945,6.0,10.0
0.12342166900634766,0.41860055923461914,2.0,6.0
-0.03948354721069336,0.4184694290161133,2.0,2.0
-0.016078829765319824,-0.15193665027618408,2.0,2.0
-0.06636154651641846,-0.09513521194458008,2.0,6.0
0.3770270347595215,0.500307559967041,2.0,6.0
0.1476459503173828,-0.04137372970581055,9.0,6.0
0.30101919174194336,0.0011625289916992188,6.0,10.0
0.6783862113952637,0.4701347351074219,6.0,6.0
-0.01770174503326416,-0.14801156520843506,2.0,2.0
-0.01068878173828125,-0.15359699726104736,2.0,2.0
0.07802772521972656,0.05980062484741211,9.0,6.0
0.673346996307373,0.35043811798095703,6.0,10.0
0.18339920043945312,-0.1688985824584961,9.0,6.0
-0.027393341064453125,0.04009509086608887,9.0,2.0
-0.015637636184692383,-0.14227521419525146,2.0,2.0
0.019405841827392578,-0.15401041507720947,2.0,2.0
-0.07375669479370117,-0.09741401672363281,6.0,2.0
0.015081405639648438,0.020894765853881836,6.0,2.0
-0.022441506385803223,-0.03370499610900879,2.0,2.0
0.06989836692810059,0.05582618713378906,2.0,10.0
-0.030193328857421875,0.039872169494628906,9.0,2.0
0.14902305603027344,-0.0423884391784668,9.0,6.0
0.8887019157409668,0.5730948448181152,6.0,2.0
-0.028516769409179688,0.04012560844421387,9.0,2.0
0.45463037490844727,0.4984445571899414,6.0,6.0
-0.5446577072143555,0.28224658966064453,9.0,6.0
-0.02818584442138672,0.04017496109008789,9.0,2.0
-0.005461215972900391,-0.0656900405883789,2.0,2.0
-0.1374530792236328,0.09492158889770508,9.0,6.0
-2.563508987426758,1.3855319023132324,9.0,6.0
0.06207895278930664,2.3247547149658203,6.0,6.0
0.07385873794555664,0.10738277435302734,2.0,10.0
0.07068824768066406,0.055759429931640625,2.0,10.0
0.05606985092163086,0.04163074493408203,2.0,10.0
-0.6282958984375,-0.753291130065918,6.0,10.0
-0.02814006805419922,0.04016280174255371,9.0,2.0
-0.04558253288269043,-0.06343650817871094,2.0,2.0
0.2419295310974121,0.5769057273864746,6.0,6.0
0.0785679817199707,0.02527308464050293,6.0,2.0
0.07147502899169922,-0.0957179069519043,9.0,6.0
0.21998071670532227,0.31981801986694336,6.0,6.0
-0.029796600341796875,0.039911746978759766,9.0,2.0
0.11256885528564453,0.07102203369140625,9.0,10.0
-0.12964296340942383,-0.03507709503173828,6.0,10.0
-0.018686532974243164,-0.14412009716033936,2.0,2.0
0.12826299667358398,0.14156627655029297,6.0,10.0
0.08076667785644531,0.049843788146972656,9.0,10.0
-0.012737274169921875,0.025639772415161133,9.0,2.0
-0.05175590515136719,0.24164962768554688,9.0,6.0
0.052292823791503906,0.24628829956054688,9.0,6.0
-0.03831148147583008,0.04993128776550293,6.0,2.0
-2.098217487335205,0.4200911521911621,9.0,6.0
0.06767034530639648,-0.15666484832763672,2.0,2.0
-0.026833772659301758,-0.18981218338012695,2.0,6.0
-0.028112411499023438,0.04023170471191406,9.0,2.0
0.1790447235107422,-0.1556483507156372,2.0,2.0
0.2890048027038574,0.6835546493530273,6.0,6.0
1.7204546928405762,-1.8677058219909668,6.0,6.0
0.015207290649414062,0.15609073638916016,9.0,10.0
0.17223262786865234,0.49065637588500977,6.0,6.0
-0.0230712890625,0.035416603088378906,9.0,2.0
0.35995912551879883,-0.47646427154541016,6.0,10.0
-0.029036641120910645,-0.0030198097229003906,2.0,6.0
0.054987430572509766,0.12658405303955078,2.0,10.0
0.060658931732177734,-0.014230489730834961,6.0,2.0
-0.028382301330566406,0.04014301300048828,9.0,2.0
0.09312057495117188,0.12537860870361328,9.0,10.0
-0.030500411987304688,0.03885340690612793,9.0,2.0
0.2276148796081543,0.3224201202392578,6.0,10.0
0.006639003753662109,-0.1535104513168335,2.0,2.0
0.09573173522949219,0.07547473907470703,9.0,10.0
0.03164386749267578,0.11045455932617188,2.0,10.0
0.06042623519897461,-0.005057215690612793,6.0,2.0
0.5248398780822754,0.4725379943847656,2.0,6.0
0.6905245780944824,-0.4991159439086914,6.0,10.0
0.09260749816894531,0.10721302032470703,9.0,10.0
0.05616140365600586,-0.018543004989624023,6.0,2.0
-0.028435707092285156,0.04009294509887695,9.0,2.0
-0.02920067310333252,0.045873165130615234,2.0,6.0
-2.025461196899414,0.38189172744750977,9.0,6.0
3.4863600730895996,3.544677734375,2.0,6.0
0.5693707466125488,0.6444005966186523,6.0,6.0
-2.039919376373291,-0.12572765350341797,9.0,6.0
0.06802177429199219,0.059635162353515625,9.0,10.0
0.11361980438232422,0.06761932373046875,9.0,10.0
-0.0007567405700683594,0.14680194854736328,2.0,10.0
0.2801694869995117,0.30503273010253906,6.0,6.0
3.9673566818237305,-0.018993616104125977,2.0,2.0
-0.02813243865966797,0.04014015197753906,9.0,2.0
0.16296768188476562,0.4799952507019043,2.0,6.0
2.8094606399536133,-1.7618165016174316,2.0,6.0
1.3603262901306152,1.0798211097717285,6.0,2.0
-0.03523457050323486,2.0291762351989746,2.0,2.0
0.03877067565917969,-0.024265766143798828,9.0,2.0
-0.006139874458312988,-1.7500271797180176,2.0,6.0
-1.4304461479187012,-1.5553531646728516,6.0,10.0
-0.5174002647399902,0.23271822929382324,6.0,2.0
-0.26047706604003906,0.29141855239868164,9.0,6.0
-2.29289174079895,-2.3368124961853027,6.0,10.0
-0.05186748504638672,0.03650021553039551,9.0,2.0
-0.033181071281433105,0.18973588943481445,2.0,2.0
-1.6445660591125488,2.5770044326782227,9.0,6.0
0.07271361351013184,0.10825824737548828,2.0,10.0
-0.19152212142944336,-0.634129524230957,6.0,10.0
-0.03298544883728027,-0.10417318344116211,2.0,2.0
1.6421589851379395,1.7673001289367676,6.0,2.0
-0.028360366821289062,0.040148258209228516,9.0,2.0
0.2816162109375,0.30936241149902344,6.0,6.0
0.5815153121948242,-3.6956233978271484,6.0,10.0
0.1698150634765625,0.13002777099609375,9.0,6.0
0.08090972900390625,0.035063743591308594,9.0,10.0
2.15165376663208,0.7046208381652832,2.0,6.0
0.049608707427978516,0.07857799530029297,2.0,10.0
-0.007730007171630859,0.13109397888183594,6.0,2.0
-1.013136863708496,-0.9726390838623047,6.0,10.0
0.44933271408081055,-0.05922222137451172,6.0,10.0
-0.847388744354248,-0.8387594223022461,6.0,10.0
-0.4292874336242676,1.5661368370056152,6.0,2.0
0.37075090408325195,0.9242362976074219,6.0,6.0
0.03700828552246094,0.24363374710083008,9.0,2.0
-0.14656496047973633,-0.1248006820678711,6.0,10.0
0.1115264892578125,0.06340503692626953,9.0,10.0
0.18759822845458984,0.27745628356933594,2.0,6.0
-0.028497695922851562,0.04011392593383789,9.0,2.0
0.057524919509887695,0.12458610534667969,2.0,10.0
0.7131900787353516,0.21989202499389648,6.0,6.0
0.16764307022094727,0.6179776191711426,6.0,6.0
-0.013240456581115723,-0.2673459053039551,2.0,6.0
0.22978544235229492,0.3726315498352051,6.0,6.0
-0.015962600708007812,-0.14316534996032715,2.0,2.0
-0.018024563789367676,-0.15143704414367676,2.0,2.0
0.06584882736206055,-0.004209995269775391,6.0,2.0
0.0727529525756836,0.061908721923828125,2.0,10.0
-0.028917312622070312,0.04006314277648926,9.0,2.0
0.10561656951904297,0.05355358123779297,9.0,10.0
-2.3574976921081543,3.4208154678344727,9.0,6.0
0.09674263000488281,0.08486557006835938,9.0,10.0
1.352170705795288,1.3777031898498535,2.0,6.0
-0.028540611267089844,0.040120601654052734,9.0,2.0
1.4432322978973389,0.5393853187561035,2.0,6.0
0.09893369674682617,0.38227176666259766,6.0,6.0
-0.030218124389648438,0.03986692428588867,9.0,2.0
0.0028433799743652344,0.11580562591552734,2.0,10.0
0.06290054321289062,0.14475584030151367,9.0,6.0
0.1769576072692871,0.4958329200744629,6.0,6.0
0.1329021453857422,0.055112600326538086,6.0,2.0
-1.083528995513916,0.44488000869750977,9.0,6.0
0.819068431854248,-2.1943821907043457,6.0,10.0
0.5350193977355957,0.5627193450927734,6.0,6.0
-0.23203086853027344,-0.6717147827148438,6.0,10.0
-0.0218580961227417,-0.011028885841369629,2.0,2.0
-0.03059971332550049,0.0634007453918457,2.0,6.0
-0.008930444717407227,-0.1543961763381958,2.0,2.0
-0.14406442642211914,-0.12976741790771484,6.0,10.0
1.0444743633270264,1.046703815460205,2.0,6.0
0.06277227401733398,-0.01632976531982422,6.0,2.0
0.08079910278320312,0.034621238708496094,9.0,10.0
0.34916257858276367,0.4303250312805176,6.0,6.0
-0.07004642486572266,-0.0276869535446167,6.0,2.0
0.009588003158569336,0.02282857894897461,2.0,2.0
1.4722530841827393,1.502413272857666,2.0,6.0
0.23130273818969727,0.30838632583618164,6.0,6.0
0.09966158866882324,0.5145635604858398,2.0,6.0
0.0826864242553711,0.30390381813049316,6.0,2.0
0.07471919059753418,0.09806156158447266,2.0,10.0
0.434969425201416,-1.2162094116210938,6.0,10.0
0.07148551940917969,0.04367256164550781,9.0,10.0
-0.01875782012939453,-0.13742125034332275,2.0,2.0
0.06229877471923828,0.22170209884643555,9.0,6.0
0.08062934875488281,0.16744232177734375,2.0,10.0
0.22621774673461914,-0.5575027465820312,6.0,10.0
-0.01815950870513916,-0.1528075933456421,2.0,2.0
0.08195018768310547,0.03413867950439453,9.0,10.0
0.10432624816894531,0.14615488052368164,9.0,6.0
0.6984057426452637,0.2897524833679199,6.0,6.0
0.24132680892944336,0.1081991195678711,6.0,10.0
-0.021607518196105957,-0.028325438499450684,2.0,2.0
0.08410167694091797,0.05465984344482422,9.0,10.0
0.17218828201293945,0.9175972938537598,6.0,6.0
-0.09754717350006104,-0.08977174758911133,2.0,6.0
0.9095149040222168,0.2653961181640625,6.0,10.0
-0.02061283588409424,0.25934362411499023,2.0,6.0
0.48091650009155273,0.33884763717651367,6.0,6.0
-0.07370233535766602,-0.0357213020324707,6.0,2.0
0.07889175415039062,0.21792387962341309,6.0,2.0
0.009351730346679688,-0.03169441223144531,9.0,10.0
0.19904565811157227,0.1909623146057129,2.0,6.0
-0.025570154190063477,0.0625157356262207,2.0,6.0
0.11108779907226562,0.06292438507080078,9.0,10.0
-0.7356481552124023,0.5641589164733887,9.0,6.0
0.01715993881225586,0.0245516300201416,6.0,2.0
0.062068939208984375,0.17433786392211914,9.0,6.0
-0.40756702423095703,0.38140153884887695,9.0,6.0
0.5371861457824707,0.3695344924926758,6.0,10.0
0.10180854797363281,0.04865264892578125,9.0,10.0
-0.0451887845993042,1.1584792137145996,2.0,2.0
0.0636739730834961,0.08513784408569336,2.0,6.0
0.059819698333740234,0.03506183624267578,2.0,10.0
0.11043548583984375,0.07269954681396484,9.0,10.0
-0.028159141540527344,0.040178537368774414,9.0,2.0
-0.02808856964111328,0.04013800621032715,9.0,2.0
0.10220646858215332,0.05991363525390625,2.0,10.0
0.379941463470459,0.950986385345459,6.0,6.0
-0.031261444091796875,0.038686513900756836,9.0,2.0
0.04670143127441406,-0.00043022632598876953,6.0,2.0
1.3515219688415527,1.226327896118164,2.0,6.0
-2.2074637413024902,0.34036874771118164,9.0,6.0
-0.028189659118652344,0.04017448425292969,9.0,2.0
-0.04808235168457031,0.14342260360717773,9.0,6.0
-0.025318026542663574,-0.053550124168395996,2.0,2.0
0.057192087173461914,1.7381491661071777,2.0,2.0
1.0315263271331787,-0.31535208225250244,2.0,2.0
-0.1016077995300293,-0.08228302001953125,2.0,6.0
-0.01848125457763672,-0.15102219581604004,2.0,2.0
0.0066907405853271484,-0.1573089361190796,2.0,2.0
-0.03214550018310547,0.0395808219909668,9.0,2.0
0.09165668487548828,0.13094282150268555,9.0,6.0
0.1873464584350586,0.3156437873840332,6.0,6.0
0.24764633178710938,0.5525531768798828,2.0,6.0
0.07230138778686523,-0.009430527687072754,6.0,2.0
-0.02179896831512451,-0.14202368259429932,2.0,2.0
0.27696919441223145,1.9777276515960693,2.0,2.0
0.05235457420349121,0.04473590850830078,2.0,10.0
0.14350199699401855,-0.415865421295166,2.0,6.0
0.08725738525390625,0.12488555908203125,9.0,6.0
0.046416282653808594,0.05167388916015625,2.0,10.0
0.921760082244873,0.3144402503967285,6.0,6.0
-0.02797985076904297,0.039472103118896484,9.0,2.0
-0.08484792709350586,-0.060497283935546875,2.0,6.0
0.3328857421875,0.5156168937683105,6.0,6.0
0.02357959747314453,2.008716583251953,6.0,6.0
-0.05846607685089111,0.18822765350341797,2.0,10.0
0.23788118362426758,0.33020734786987305,6.0,6.0
-0.03249931335449219,0.03948831558227539,9.0,2.0
-0.3011054992675781,0.27129697799682617,9.0,6.0
0.241058349609375,0.30048131942749023,6.0,6.0
0.1282825469970703,-0.01780414581298828,9.0,6.0
-0.0034804344177246094,-0.09548556804656982,2.0,2.0
0.08803749084472656,0.12479209899902344,9.0,6.0
0.5035109519958496,0.32989025115966797,6.0,10.0
0.11909794807434082,0.08089351654052734,2.0,10.0
2.6206483840942383,-3.033730983734131,6.0,10.0
0.1563713550567627,-0.18963420391082764,2.0,2.0
1.7861132621765137,-2.487696647644043,6.0,6.0
-0.027998924255371094,0.03989386558532715,9.0,2.0
-0.04302620887756348,0.19319629669189453,2.0,10.0
-0.01942920684814453,-0.018970131874084473,6.0,2.0
0.05141806602478027,0.04816627502441406,2.0,10.0
0.14288020133972168,0.13562774658203125,2.0,10.0
0.9419970512390137,0.9101853370666504,2.0,6.0
-1.3835759162902832,0.5903191566467285,9.0,6.0
-0.008888006210327148,-0.1544572114944458,2.0,2.0
-0.41021728515625,2.7811708450317383,9.0,6.0
-2.1457672119140625e-06,0.039438724517822266,2.0,6.0
-2.4528021812438965,0.5784344673156738,9.0,6.0
-1.1592440605163574,0.384061336517334,9.0,6.0
0.23325777053833008,0.3178286552429199,6.0,6.0
0.081329345703125,0.04786205291748047,9.0,10.0
0.07394933700561523,0.10676288604736328,2.0,10.0
0.2838168144226074,0.045627593994140625,6.0,10.0
-2.045621395111084,0.07828283309936523,9.0,6.0
-0.5845780372619629,0.28049421310424805,6.0,2.0
0.0024673938751220703,0.0908355712890625,2.0,6.0
-0.4704165458679199,0.8152670860290527,6.0,2.0
0.0817575454711914,0.049457550048828125,9.0,10.0
0.1657238006591797,0.09309101104736328,6.0,10.0
-0.10293936729431152,-0.08488321304321289,2.0,6.0
-0.01841104030609131,-0.15267598628997803,2.0,2.0
0.040386199951171875,0.042489051818847656,6.0,2.0
0.021517276763916016,0.10092926025390625,2.0,10.0
0.05955219268798828,0.034905433654785156,2.0,10.0
-0.022228479385375977,-0.11578667163848877,2.0,2.0
0.3383164405822754,0.23840880393981934,6.0,2.0
-1.4328627586364746,1.5706939697265625,9.0,6.0
0.05946493148803711,-0.036284446716308594,6.0,10.0
0.3149876594543457,0.3561253547668457,6.0,6.0
0.0614781379699707,0.03555488586425781,2.0,10.0
0.4083085060119629,0.3584270477294922,6.0,6.0
0.09633636474609375,0.07724285125732422,9.0,10.0
-1.2318377494812012,1.7706961631774902,9.0,6.0
0.11710929870605469,-0.15902328491210938,9.0,6.0
0.3581414222717285,0.4666891098022461,6.0,10.0
0.06982231140136719,0.08475780487060547,9.0,10.0
-0.13126754760742188,0.7576489448547363,9.0,6.0
-0.01833796501159668,-0.15255939960479736,2.0,2.0
0.11361503601074219,0.06752300262451172,9.0,10.0
-0.5624837875366211,1.4103565216064453,9.0,6.0
-0.5719151496887207,-0.6291742324829102,6.0,10.0
0.09652853012084961,-3.0168099403381348,6.0,10.0
-2.068218946456909,-2.187814712524414,6.0,10.0
0.21991801261901855,0.32830381393432617,2.0,6.0
-0.02818012237548828,0.04017186164855957,9.0,2.0
0.23936796188354492,0.401822566986084,6.0,6.0
-0.02789783477783203,0.03985881805419922,9.0,2.0
0.5117220878601074,0.09938526153564453,6.0,10.0
-0.336639404296875,0.24842214584350586,9.0,6.0
0.07393193244934082,0.0726919174194336,2.0,10.0
0.06183314323425293,0.03745079040527344,2.0,10.0
1.1408114433288574,0.26370716094970703,6.0,6.0
-0.02816295623779297,0.0401763916015625,9.0,2.0
0.6362056732177734,0.5447883605957031,2.0,6.0
0.06270074844360352,0.037032127380371094,2.0,10.0
-0.011352062225341797,-0.15130603313446045,2.0,2.0
0.09912276268005371,0.10101985931396484,2.0,10.0
0.1619548797607422,-0.22713851928710938,9.0,6.0
0.07647705078125,0.1046905517578125,9.0,10.0
-0.028156280517578125,0.0401763916015625,9.0,2.0
0.37383413314819336,1.2757296562194824,6.0,6.0
0.03469252586364746,0.11084270477294922,2.0,10.0
-0.02827167510986328,0.04008197784423828,9.0,2.0
-0.018111228942871094,-0.1360609531402588,2.0,2.0
-0.016324996948242188,0.02908778190612793,9.0,2.0
-0.017106056213378906,-0.1525329351425171,2.0,2.0
-0.028202056884765625,0.040175437927246094,9.0,2.0
-0.13201045989990234,0.1358485221862793,9.0,6.0
-0.027393341064453125,0.03923535346984863,9.0,2.0
0.09189414978027344,0.16223430633544922,9.0,10.0
-0.01590430736541748,-0.15073645114898682,2.0,2.0
0.5826516151428223,-0.13412094116210938,6.0,10.0
0.05955219268798828,-0.22889328002929688,6.0,10.0
-0.029804229736328125,0.03993105888366699,9.0,2.0
0.11324119567871094,0.06684398651123047,9.0,10.0
0.03914999961853027,0.07897186279296875,2.0,6.0
1.0783252716064453,-0.16635668277740479,2.0,2.0
0.07969093322753906,0.039635658264160156,9.0,10.0
-0.028612136840820312,0.040105581283569336,9.0,2.0
0.3552570343017578,0.39037609100341797,6.0,10.0
0.1541452407836914,0.16448307037353516,6.0,10.0
-0.017194628715515137,-0.15266633033752441,2.0,2.0
-0.028028488159179688,0.04020977020263672,9.0,2.0
-0.02814960479736328,0.04018092155456543,9.0,2.0
0.03767967224121094,0.22475481033325195,9.0,6.0
-0.05249357223510742,0.10306954383850098,6.0,2.0
0.07237982749938965,0.06068706512451172,2.0,10.0
0.392730712890625,0.03850722312927246,6.0,2.0
-0.028169631958007812,0.04018735885620117,9.0,2.0
-0.029152870178222656,0.04003095626831055,9.0,2.0
0.23939204216003418,0.10828018188476562,2.0,6.0
0.09493637084960938,0.04385089874267578,9.0,10.0
0.39220476150512695,0.30416011810302734,6.0,10.0
0.4140608310699463,1.647132396697998,2.0,2.0
-0.10877466201782227,-0.15248608589172363,6.0,2.0
0.4790616035461426,0.322019100189209,6.0,6.0
0.09159469604492188,0.1597909927368164,9.0,10.0
0.012839317321777344,0.26448726654052734,9.0,6.0
0.08605003356933594,0.04065513610839844,9.0,2.0
0.060044288635253906,0.035788536071777344,2.0,10.0
0.02449798583984375,-0.011441588401794434,9.0,2.0
0.07330751419067383,0.056130170822143555,6.0,2.0
0.3463325500488281,-1.56980562210083,2.0,6.0
0.16627788543701172,-0.17327642440795898,9.0,6.0
0.5220251083374023,0.01780223846435547,6.0,10.0
-0.06598901748657227,-0.010899782180786133,6.0,2.0
-0.24318552017211914,1.2873420715332031,6.0,2.0
0.24398183822631836,0.46958065032958984,6.0,6.0
0.4769625663757324,0.42405033111572266,6.0,6.0
-0.037303924560546875,0.2171764373779297,9.0,10.0
0.06027412414550781,0.03364849090576172,2.0,10.0
0.5615496635437012,-0.24278926849365234,6.0,10.0
0.07509756088256836,-0.018005013465881348,6.0,2.0
-0.019801020622253418,-0.14685595035552979,2.0,2.0
-0.028150558471679688,0.04017186164855957,9.0,2.0
0.03466081619262695,0.11165809631347656,2.0,10.0
-0.020387649536132812,4.280078411102295,2.0,2.0
-0.17401552200317383,-0.21412277221679688,6.0,10.0
-1.6947083473205566,2.577848434448242,9.0,6.0
-0.10840511322021484,0.025783300399780273,9.0,2.0
0.30596351623535156,0.3058309555053711,6.0,6.0
0.034191131591796875,0.047252655029296875,6.0,2.0
-0.8933653831481934,-0.9375219345092773,6.0,10.0
0.09186267852783203,0.044928550720214844,9.0,10.0
0.03512930870056152,0.1032114028930664,2.0,10.0
-0.5676407814025879,-1.337179183959961,6.0,10.0
0.028864383697509766,0.09582328796386719,2.0,10.0
0.07258987426757812,0.08335399627685547,2.0,10.0
-0.0109022855758667,0.3318972587585449,2.0,6.0
-0.050037384033203125,0.0368807315826416,9.0,2.0
0.09431648254394531,0.07448863983154297,9.0,10.0
0.11130237579345703,0.06363964080810547,9.0,10.0
-0.47223329544067383,-0.5614461898803711,6.0,10.0
1.3643722534179688,0.9237222671508789,6.0,2.0
-1.4869723320007324,1.119253158569336,9.0,6.0
0.07278585433959961,0.1078329086303711,2.0,10.0
-0.1691722869873047,0.22153711318969727,9.0,6.0
0.7738633155822754,0.22990655899047852,6.0,6.0
0.05977630615234375,-0.014144420623779297,6.0,2.0
0.08351898193359375,0.033898353576660156,9.0,10.0
0.07989788055419922,0.03589630126953125,9.0,10.0
0.0013663768768310547,0.4450383186340332,2.0,6.0
-0.029430389404296875,0.03998136520385742,9.0,2.0
-0.02820301055908203,0.04017210006713867,9.0,2.0
-0.06363201141357422,-0.6995639801025391,6.0,10.0
0.10102272033691406,0.0471343994140625,9.0,10.0
0.14611577987670898,1.1121277809143066,6.0,6.0
1.0534451007843018,0.984921932220459,2.0,6.0
0.0035490989685058594,0.0220181941986084,6.0,2.0
-0.8177318572998047,1.831861972808838,9.0,6.0
0.4915165901184082,0.41598987579345703,6.0,10.0
0.061840057373046875,0.06432437896728516,2.0,10.0
0.31108808517456055,0.3059415817260742,6.0,6.0
1.6472868919372559,0.32633399963378906,6.0,10.0
3.1521100997924805,-0.055954694747924805,2.0,2.0
-0.02815723419189453,0.04017901420593262,9.0,2.0
-0.02909374237060547,0.04001331329345703,9.0,2.0
0.0692746639251709,0.05938434600830078,2.0,10.0
0.2086172103881836,0.5208168029785156,6.0,6.0
0.48362207412719727,0.3547172546386719,6.0,10.0
0.5168318748474121,0.058106422424316406,6.0,10.0
0.10703372955322266,0.056064605712890625,9.0,10.0
-0.043515682220458984,0.035352230072021484,6.0,2.0
-0.03171730041503906,0.03987455368041992,9.0,2.0
0.09754371643066406,0.08349609375,9.0,10.0
-0.018507003784179688,-0.1521739959716797,2.0,2.0
0.10563015937805176,-0.22263717651367188,2.0,6.0
-0.0111769437789917,-0.14896070957183838,2.0,2.0
0.06070208549499512,0.03370380401611328,2.0,10.0
0.008574962615966797,-0.15403282642364502,2.0,2.0
0.09668731689453125,0.0789804458618164,9.0,10.0
0.3012657165527344,0.3255019187927246,6.0,6.0
0.05486488342285156,-0.043756723403930664,6.0,2.0
-0.06868553161621094,0.0340123176574707,9.0,2.0
0.2427201271057129,0.3007988929748535,6.0,6.0
0.0035829544067382812,0.03266572952270508,2.0,6.0
0.02003335952758789,0.011101484298706055,6.0,2.0
-0.06601142883300781,0.23607635498046875,9.0,6.0
0.6539807319641113,0.6136221885681152,6.0,2.0
0.11247634887695312,-0.112784743309021,2.0,2.0
2.784574508666992,-3.511711597442627,6.0,10.0
-0.637150764465332,0.4947624206542969,9.0,6.0
0.021532058715820312,0.15889596939086914,9.0,6.0
0.09180164337158203,0.0833730697631836,9.0,10.0
0.7535974979400635,-2.6410880088806152,2.0,6.0
0.19425249099731445,0.501401424407959,6.0,6.0
0.14040851593017578,-0.0690453052520752,6.0,2.0
-0.04391050338745117,0.015839099884033203,2.0,6.0
-0.028229713439941406,0.040167808532714844,9.0,2.0
-0.12785911560058594,0.025130748748779297,9.0,2.0
0.4052414894104004,-0.41315174102783203,6.0,10.0
-0.36617374420166016,0.2637600898742676,9.0,6.0
0.34638023376464844,0.43093252182006836,2.0,6.0
0.06984186172485352,0.11130237579345703,2.0,10.0
0.07389497756958008,0.10741901397705078,2.0,10.0
0.47707700729370117,0.6971068382263184,6.0,6.0
0.04579973220825195,-0.03815567493438721,6.0,2.0
-0.1928178071975708,-0.43103647232055664,2.0,6.0
0.11146926879882812,0.18169736862182617,2.0,6.0
0.0511469841003418,0.2078866958618164,6.0,10.0
0.08856868743896484,-0.20380687713623047,6.0,10.0
-0.0018841028213500977,-0.15533339977264404,2.0,2.0
-0.028138160705566406,0.0401606559753418,9.0,2.0
0.6089954376220703,1.680711269378662,6.0,6.0
-0.008721470832824707,-0.10609793663024902,2.0,2.0
0.05654501914978027,0.038413047790527344,2.0,10.0
1.0742676258087158,0.9633331298828125,2.0,6.0
0.2677912712097168,-3.271392822265625,6.0,10.0
-0.4909834861755371,0.31264400482177734,6.0,2.0
0.07896709442138672,0.03843498229980469,9.0,10.0
0.43783044815063477,0.35103273391723633,6.0,6.0
-0.5683021545410156,1.013197422027588,9.0,6.0
0.11060333251953125,0.4923672676086426,6.0,6.0
-0.26432323455810547,1.8936634063720703,6.0,2.0
0.07269883155822754,0.07566070556640625,2.0,10.0
2.8644256591796875,-3.8248982429504395,6.0,10.0
0.09311723709106445,0.02480792999267578,2.0,10.0
0.06619787216186523,-0.01004040241241455,6.0,2.0
0.7319614887237549,0.6830220222473145,2.0,6.0
0.07703638076782227,0.08453845977783203,2.0,10.0
-0.03288161754608154,-0.10564351081848145,2.0,2.0
0.07365798950195312,0.1487593650817871,9.0,6.0
0.22501707077026367,0.3374519348144531,6.0,6.0
0.060572147369384766,0.03420829772949219,2.0,10.0
-0.028275489807128906,0.04014229774475098,9.0,2.0
0.07838559150695801,0.09052467346191406,2.0,10.0
0.04555082321166992,0.058632850646972656,2.0,10.0
-0.42263031005859375,-0.29090213775634766,6.0,10.0
-1.907508373260498,-0.12113308906555176,6.0,2.0
-0.0281524658203125,0.04013180732727051,9.0,2.0
0.10619926452636719,0.0385289192199707,9.0,6.0
0.15384912490844727,1.4387993812561035,6.0,6.0
0.29425573348999023,0.36719846725463867,6.0,6.0
0.28259754180908203,0.35462427139282227,6.0,6.0
0.06500434875488281,0.014135599136352539,6.0,2.0
0.22805261611938477,0.5633234977722168,6.0,6.0
0.8290591239929199,0.1613292694091797,6.0,10.0
-1.9391322135925293,0.5816636085510254,9.0,6.0
-0.01581263542175293,0.06555986404418945,2.0,6.0
0.9867644309997559,0.8782820701599121,2.0,6.0
-0.029178619384765625,0.0400233268737793,9.0,2.0
0.03589177131652832,0.1231851577758789,2.0,10.0
0.15894269943237305,-0.056583404541015625,6.0,2.0
2.850217819213867,2.328205108642578,2.0,6.0
0.1360325813293457,0.2715587615966797,2.0,6.0
-0.02794361114501953,0.039963722229003906,9.0,2.0
-0.012017011642456055,-0.1540203094482422,2.0,2.0
0.11291694641113281,0.06627368927001953,9.0,10.0
0.0695037841796875,0.05321979522705078,2.0,10.0
-0.36985254287719727,-0.3582124710083008,6.0,10.0
0.049137115478515625,-0.14593327045440674,2.0,2.0
0.9271063804626465,0.13053035736083984,6.0,10.0
0.08245658874511719,0.13177156448364258,9.0,6.0
1.08085298538208,0.30940961837768555,6.0,6.0
0.05826163291931152,0.036225318908691406,2.0,10.0
-0.0181124210357666,-0.14638817310333252,2.0,2.0
0.30805063247680664,0.04372406005859375,6.0,10.0
-1.5406603813171387,-2.97607684135437,9.0,6.0
1.1294045448303223,-0.7725725173950195,6.0,10.0
0.044489383697509766,0.14833784103393555,2.0,6.0
-0.18843746185302734,0.016164541244506836,9.0,2.0
0.44387054443359375,2.9629898071289062,6.0,6.0
0.012241363525390625,-0.15420663356781006,2.0,2.0
0.11024761199951172,0.10645008087158203,9.0,10.0
0.040670156478881836,0.05963897705078125,2.0,10.0
0.07982349395751953,0.04335308074951172,9.0,10.0
0.8562934398651123,-0.8284049034118652,2.0,6.0
0.4420738220214844,0.43560314178466797,6.0,6.0
0.09577393531799316,0.06542587280273438,2.0,10.0
0.5246739387512207,0.2954235076904297,6.0,10.0
-1.9474992752075195,0.11446523666381836,9.0,6.0
-0.055539608001708984,-0.0321040153503418,6.0,2.0
0.08576774597167969,0.0792074203491211,9.0,10.0
0.07645511627197266,0.018481731414794922,6.0,2.0
0.9299874305725098,-1.0669617652893066,6.0,6.0
-2.409862995147705,1.1433205604553223,9.0,6.0
0.09616470336914062,0.07727909088134766,9.0,10.0
-2.615434169769287,2.367640495300293,9.0,6.0
0.008093833923339844,-0.28191184997558594,2.0,6.0
0.09759712219238281,0.0829305648803711,9.0,10.0
0.6302733421325684,-1.3784942626953125,6.0,10.0
0.06804561614990234,-0.03054654598236084,6.0,2.0
0.19707059860229492,0.32999324798583984,6.0,6.0
0.019536972045898438,0.3406548500061035,6.0,2.0
-0.02817535400390625,0.04017472267150879,9.0,2.0
0.11340618133544922,0.0672159194946289,9.0,10.0
0.33098363876342773,0.24710464477539062,6.0,10.0
0.1105499267578125,0.061751365661621094,9.0,10.0
-0.01799917221069336,-0.1489635705947876,2.0,2.0
0.08592367172241211,0.03064441680908203,2.0,10.0
1.3218255043029785,-1.827286720275879,6.0,10.0
-0.7878856658935547,1.6817049980163574,9.0,6.0
-1.0867829322814941,-0.006549477577209473,6.0,2.0
1.4525127410888672,0.8189399242401123,6.0,2.0
0.10851478576660156,0.05838489532470703,9.0,10.0
-0.004640817642211914,-0.05416297912597656,2.0,2.0
0.09233283996582031,0.12282657623291016,9.0,10.0
-1.7122588157653809,2.859869956970215,9.0,6.0
0.0073719024658203125,-0.02781367301940918,6.0,2.0
-1.560068130493164,1.0298881530761719,9.0,6.0
0.07855772972106934,0.10511016845703125,2.0,10.0
0.15821504592895508,0.048995018005371094,6.0,10.0
0.13142061233520508,0.2162332534790039,6.0,10.0
0.08558273315429688,0.058109283447265625,9.0,10.0
0.5488808155059814,0.4268479347229004,2.0,6.0
0.0015110969543457031,0.09114360809326172,6.0,2.0
-0.3060884475708008,-0.20538043975830078,6.0,10.0
0.1941695213317871,0.34996461868286133,6.0,6.0
0.1513991355895996,0.23743104934692383,2.0,6.0
0.05084419250488281,0.15101099014282227,9.0,6.0
0.1996159553527832,0.45746278762817383,6.0,6.0
0.23456811904907227,0.45445728302001953,6.0,6.0
-0.3750162124633789,0.5611262321472168,9.0,6.0
-0.7446956634521484,0.4330153465270996,9.0,6.0
-2.99526309967041,0.8741562366485596,6.0,2.0
0.22787237167358398,0.36648130416870117,6.0,6.0
0.003669261932373047,0.108154296875,2.0,10.0
0.10686111450195312,0.055472373962402344,9.0,10.0
0.5848360061645508,0.3018488883972168,6.0,6.0
0.3528885841369629,0.47875308990478516,6.0,10.0
0.48073720932006836,0.315579891204834,6.0,6.0
0.06529879570007324,0.11393356323242188,2.0,10.0
0.6214652061462402,-0.055588722229003906,6.0,10.0
-0.028158187866210938,0.040175437927246094,9.0,2.0
-0.028242111206054688,0.040166378021240234,9.0,2.0
0.02673482894897461,0.3602428436279297,2.0,6.0
0.21251535415649414,0.3052387237548828,6.0,6.0
0.061446189880371094,0.038352012634277344,2.0,10.0
0.02088165283203125,0.15561580657958984,9.0,6.0
-0.027297377586364746,0.04762983322143555,2.0,6.0
-0.07762002944946289,-0.04121434688568115,6.0,2.0
0.09766578674316406,0.04357624053955078,9.0,10.0
-0.017475485801696777,-0.15187299251556396,2.0,2.0
0.021198749542236328,0.016271114349365234,6.0,2.0
0.8087513446807861,0.7834467887878418,2.0,6.0
0.06716513633728027,0.09919452667236328,2.0,10.0
0.48865270614624023,-1.0132989883422852,6.0,10.0
-0.2400646209716797,0.3549532890319824,9.0,6.0
-0.004501461982727051,-0.15330517292022705,2.0,2.0
0.09848690032958984,0.08249092102050781,9.0,10.0
-1.979383945465088,0.7931008338928223,9.0,6.0
0.14461016654968262,0.16165828704833984,2.0,6.0
0.07082557678222656,0.1531691551208496,9.0,6.0
0.06852579116821289,0.05058574676513672,2.0,10.0
0.0808420181274414,0.046998023986816406,9.0,10.0
0.08981800079345703,0.48498106002807617,6.0,6.0
-0.10784149169921875,0.12397241592407227,9.0,6.0
0.3121657371520996,0.3142218589782715,6.0,6.0
0.028817176818847656,0.09804773330688477,2.0,6.0
-0.02826690673828125,0.04015183448791504,9.0,2.0
-0.12378692626953125,0.31841373443603516,9.0,6.0
-0.0636833906173706,-0.0606083869934082,2.0,6.0
0.08470821380615234,0.08884811401367188,9.0,10.0
-0.028014183044433594,0.04030585289001465,9.0,2.0
-0.019445180892944336,-0.1305292844772339,2.0,2.0
0.06458640098571777,0.1084604263305664,2.0,10.0
-0.028150558471679688,0.040168046951293945,9.0,2.0
0.002768993377685547,0.04322004318237305,6.0,2.0
0.1020956039428711,0.14217567443847656,9.0,10.0
-0.03180885314941406,0.03963017463684082,9.0,2.0
-0.3012714385986328,0.7085599899291992,9.0,6.0
-0.06460189819335938,0.2436537742614746,9.0,6.0
1.2871532440185547,1.138685703277588,2.0,6.0
-0.020754218101501465,-0.11522781848907471,2.0,2.0
-0.02924823760986328,0.04000043869018555,9.0,2.0
1.8053998947143555,-3.3396096229553223,6.0,10.0
0.02937150001525879,-0.1484135389328003,2.0,2.0
1.03525972366333,0.27823781967163086,6.0,6.0
-0.34250831604003906,0.25393152236938477,9.0,6.0
-0.0472867488861084,0.18905925750732422,2.0,10.0
0.0457463264465332,-0.03215157985687256,6.0,2.0
-0.07602071762084961,-0.13727569580078125,6.0,10.0
0.027222394943237305,0.08232593536376953,2.0,10.0
1.572831630706787,-2.18789005279541,6.0,10.0
0.06552505493164062,-0.6440110206604004,2.0,6.0
-0.028570175170898438,0.040116310119628906,9.0,2.0
0.07558989524841309,0.08443069458007812,2.0,10.0
0.09606742858886719,0.0760202407836914,9.0,10.0
-0.07752561569213867,0.23035526275634766,2.0,2.0
0.04479503631591797,0.10547065734863281,2.0,10.0
-0.3177623748779297,0.18796682357788086,9.0,6.0
-0.046984195709228516,0.017588138580322266,6.0,2.0
0.07211494445800781,0.06388568878173828,2.0,10.0
0.08341217041015625,0.14253807067871094,9.0,10.0
0.5691642761230469,0.23639488220214844,6.0,10.0
0.009979724884033203,0.47188854217529297,6.0,2.0
-0.05035054683685303,0.5027694702148438,2.0,2.0
0.25040698051452637,0.32848262786865234,2.0,6.0
0.2257704734802246,0.48966455459594727,6.0,6.0
0.2707176208496094,0.14800453186035156,9.0,6.0
-0.02817535400390625,0.040174245834350586,9.0,2.0
-0.029571890830993652,1.3741426467895508,2.0,2.0
-0.018506169319152832,-0.15138757228851318,2.0,2.0
0.04423952102661133,0.07039451599121094,2.0,10.0
3.4618310928344727,3.5770092010498047,2.0,6.0
-0.8658833503723145,-0.057024240493774414,6.0,2.0
-0.04104423522949219,0.038283348083496094,9.0,2.0
3.435454845428467,3.5191125869750977,2.0,6.0
0.060340166091918945,0.03577995300292969,2.0,10.0
-0.10308647155761719,0.3649458885192871,9.0,6.0
0.4730534553527832,-1.6393613815307617,6.0,10.0
0.04563736915588379,0.05787944793701172,2.0,10.0
1.7140321731567383,1.7692270278930664,6.0,2.0
0.055649518966674805,0.12312030792236328,2.0,10.0
0.3086400032043457,0.039458274841308594,6.0,10.0
0.02893662452697754,0.03395557403564453,2.0,6.0
-0.04265594482421875,0.037995338439941406,9.0,2.0
0.08864784240722656,0.08013153076171875,9.0,6.0
-0.03664731979370117,0.013165950775146484,6.0,2.0
0.07415580749511719,0.1550130844116211,9.0,10.0
0.03254246711730957,0.10776233673095703,2.0,10.0
0.0878448486328125,0.4702181816101074,6.0,6.0
0.7852134704589844,0.3310861587524414,6.0,6.0
-1.4599089622497559,0.3698906898498535,9.0,6.0
0.2991938591003418,0.5351300239562988,6.0,6.0
-0.03667640686035156,0.03777909278869629,9.0,2.0
-0.018191933631896973,-0.15269505977630615,2.0,2.0
-0.05527353286743164,0.02105093002319336,6.0,2.0
0.26783180236816406,0.4089951515197754,2.0,6.0
-0.1647787094116211,0.027816295623779297,6.0,2.0
0.09717273712158203,0.07828140258789062,9.0,10.0
1.092576503753662,0.4079618453979492,6.0,6.0
1.749891757965088,-3.485625743865967,6.0,10.0
0.03940153121948242,0.13764476776123047,6.0,2.0
0.2442941665649414,0.6475729942321777,6.0,6.0
0.19905519485473633,0.42580652236938477,6.0,6.0
0.01940751075744629,0.442720890045166,2.0,6.0
0.08548784255981445,-0.1557844877243042,2.0,2.0
0.36508798599243164,1.3015213012695312,6.0,6.0
0.08426666259765625,0.055876731872558594,9.0,10.0
0.9322953224182129,0.33254480361938477,6.0,6.0
0.09063529968261719,0.068634033203125,9.0,10.0
-0.01440286636352539,0.11332559585571289,2.0,6.0
2.769712448120117,2.634042739868164,2.0,6.0
0.08668804168701172,0.13419437408447266,9.0,6.0
0.11174869537353516,0.0641469955444336,9.0,10.0
-2.817483425140381,2.88675594329834,9.0,6.0
1.662017822265625,1.5327353477478027,2.0,6.0
-0.02825450897216797,0.04016613960266113,9.0,2.0
0.0725257396697998,0.07883739471435547,2.0,10.0
0.3495621681213379,-0.029282689094543457,6.0,2.0
0.21840429306030273,0.32299089431762695,6.0,6.0
-0.028177261352539062,0.0401763916015625,9.0,2.0
0.07132244110107422,-0.05491960048675537,9.0,2.0
-0.04802751541137695,-0.1839132308959961,6.0,10.0
0.0047664642333984375,0.1333904266357422,9.0,6.0
0.06633734703063965,0.03397941589355469,2.0,10.0
0.5011410713195801,0.4075660705566406,6.0,6.0
0.10385704040527344,0.05096435546875,9.0,10.0
0.05697774887084961,-0.010523557662963867,6.0,2.0
-0.020235776901245117,-0.1318742036819458,2.0,2.0
0.022174835205078125,-0.010348916053771973,6.0,2.0
-0.028158187866210938,0.04015302658081055,9.0,2.0
0.015821456909179688,0.18280696868896484,9.0,6.0
0.05724525451660156,0.0764627456665039,9.0,10.0
0.06178712844848633,0.03671741485595703,2.0,10.0
0.02371811866760254,0.1529989242553711,2.0,10.0
-1.1777758598327637,0.5998682975769043,9.0,6.0
-0.03396034240722656,0.03930950164794922,9.0,2.0
-0.20723676681518555,-0.24155426025390625,6.0,10.0
-0.030740737915039062,0.039789676666259766,9.0,2.0
1.312286615371704,-1.9935989379882812,2.0,6.0
-0.024514198303222656,-0.19864463806152344,2.0,6.0
0.061341047286987305,0.03635215759277344,2.0,10.0
0.5020060539245605,-0.5455694198608398,6.0,10.0
0.1127772331237793,0.12279224395751953,6.0,10.0
0.07278823852539062,0.056241512298583984,9.0,6.0
0.0279083251953125,0.0022668838500976562,9.0,10.0
-0.02872753143310547,0.04007244110107422,9.0,2.0
0.15618133544921875,-0.06482934951782227,9.0,6.0
-0.10428619384765625,0.2435770034790039,9.0,10.0
0.07556962966918945,1.1922154426574707,6.0,6.0
0.06769943237304688,0.16327142715454102,9.0,6.0
0.17523550987243652,-0.5612053871154785,2.0,6.0
-0.015476465225219727,-0.15333330631256104,2.0,2.0
-0.008516430854797363,-0.15321457386016846,2.0,2.0
0.09165096282958984,0.13084793090820312,9.0,10.0
0.0776071548461914,0.05133342742919922,9.0,10.0
-0.010115265846252441,-0.15283215045928955,2.0,2.0
0.41115808486938477,0.32368040084838867,6.0,6.0
-0.02830219268798828,0.04015350341796875,9.0,2.0
-0.03468883037567139,-0.8892474174499512,2.0,6.0
-2.170670986175537,3.3328428268432617,9.0,6.0
-0.02841663360595703,0.04013848304748535,9.0,2.0
0.22960901260375977,0.2999134063720703,6.0,6.0
0.06687355041503906,0.0686655044555664,9.0,10.0
0.1788468360900879,0.10919380187988281,6.0,10.0
0.01738739013671875,0.23164606094360352,9.0,6.0
-0.04391515254974365,0.20798778533935547,2.0,10.0
0.0810542106628418,0.026030540466308594,6.0,10.0
0.2755246162414551,0.3249545097351074,6.0,6.0
0.22844648361206055,0.3137526512145996,6.0,6.0
0.059319496154785156,0.04737567901611328,2.0,10.0
0.0387270450592041,0.11250972747802734,2.0,10.0
0.05678224563598633,0.1324930191040039,2.0,10.0
0.0795736312866211,0.035742759704589844,9.0,10.0
0.13178706169128418,0.10131072998046875,2.0,10.0
-0.03784751892089844,0.20420241355895996,6.0,2.0
0.028835773468017578,0.06772279739379883,6.0,2.0
-0.028627395629882812,0.040106773376464844,9.0,2.0
0.057262420654296875,0.12679195404052734,9.0,10.0
0.22393465042114258,0.48302555084228516,6.0,6.0
0.7302031517028809,0.47522926330566406,6.0,10.0
-0.04339277744293213,0.23703622817993164,2.0,2.0
-1.4017558097839355,-2.0634894371032715,9.0,6.0
-0.09287261962890625,0.3341073989868164,9.0,6.0
2.9381637573242188,2.8507118225097656,2.0,6.0
-0.029575347900390625,0.03997492790222168,9.0,2.0
0.05943584442138672,0.03461170196533203,2.0,10.0
-0.04812824726104736,0.7011489868164062,2.0,2.0
0.968080997467041,1.0270733833312988,2.0,6.0
-0.3375864028930664,0.6221699714660645,9.0,6.0
0.49663496017456055,0.45122814178466797,6.0,10.0
0.09567737579345703,0.1414036750793457,9.0,6.0
-0.010447859764099121,-0.14022600650787354,2.0,2.0
0.2391066551208496,-0.16277754306793213,2.0,2.0
0.00438380241394043,0.09912252426147461,2.0,6.0
0.2325305938720703,0.3500351905822754,2.0,6.0
0.17138338088989258,0.31256914138793945,6.0,6.0
-0.028162002563476562,0.040177345275878906,9.0,2.0
0.05375027656555176,0.14846324920654297,2.0,10.0
-0.01878488063812256,-0.1505659818649292,2.0,2.0
0.08308029174804688,0.03591632843017578,9.0,10.0
0.011232614517211914,-0.14884746074676514,2.0,2.0
0.005960226058959961,-0.15680134296417236,2.0,2.0
0.855989933013916,0.35785341262817383,6.0,6.0
-0.33044862747192383,-0.37506961822509766,6.0,10.0
0.04145097732543945,0.058246612548828125,2.0,10.0
0.29936838150024414,0.380673885345459,6.0,6.0
-0.20033645629882812,0.06956052780151367,9.0,6.0
3.0365142822265625,0.16803455352783203,6.0,6.0
0.030515670776367188,0.013799667358398438,9.0,10.0
-0.026498794555664062,0.038640499114990234,9.0,2.0
0.07363677024841309,0.0589451789855957,2.0,6.0
0.17531061172485352,0.30313634872436523,6.0,6.0
0.08710956573486328,0.1366863250732422,9.0,6.0
0.5551857948303223,0.3006925582885742,6.0,10.0
-0.018390178680419922,-0.15196049213409424,2.0,2.0
0.32116031646728516,0.32097768783569336,6.0,6.0
-0.03444862365722656,0.039234161376953125,9.0,2.0
0.43990659713745117,0.4112539291381836,6.0,10.0
0.09983491897583008,0.8491172790527344,6.0,2.0
0.17233037948608398,0.5820698738098145,6.0,6.0
0.09989547729492188,0.0841665267944336,9.0,10.0
0.04454660415649414,0.18257617950439453,2.0,10.0
0.07563924789428711,0.03229999542236328,2.0,10.0
0.199568510055542,0.5890326499938965,2.0,6.0
0.15688085556030273,0.025651931762695312,6.0,10.0
-1.5522704124450684,0.46028900146484375,9.0,6.0
0.07191658020019531,0.10243606567382812,9.0,10.0
-0.6482987403869629,-0.7331094741821289,6.0,10.0
0.11340713500976562,0.06809139251708984,9.0,10.0
0.08101463317871094,0.1412501335144043,9.0,6.0
0.0831613540649414,1.0958731174468994,2.0,2.0
-0.017386198043823242,-0.14910268783569336,2.0,2.0
0.07725238800048828,0.5327496528625488,2.0,6.0
-0.8291130065917969,0.3237771987915039,9.0,6.0
0.07487916946411133,0.012184619903564453,6.0,2.0
0.8583755493164062,0.3200411796569824,6.0,6.0
0.04553675651550293,0.10505008697509766,2.0,10.0
-0.017414093017578125,-0.15290117263793945,2.0,2.0
-1.9943299293518066,3.428147315979004,9.0,6.0
2.717827320098877,2.6361007690429688,2.0,6.0
0.22136306762695312,0.40760278701782227,6.0,6.0
-0.019636988639831543,-0.13528752326965332,2.0,2.0
0.024898529052734375,0.11179256439208984,2.0,10.0
-0.00972747802734375,0.040238380432128906,9.0,10.0
-0.028575897216796875,0.04010009765625,9.0,2.0
-0.028034210205078125,0.040024757385253906,9.0,2.0
-2.684913158416748,1.0491623878479004,9.0,6.0
0.5274863243103027,0.7091736793518066,6.0,6.0
-0.017770886421203613,-0.15149426460266113,2.0,2.0
0.5470137596130371,0.6385927200317383,6.0,10.0
-0.06730854511260986,-0.05595064163208008,2.0,6.0
0.06847572326660156,0.04042625427246094,9.0,10.0
0.018558263778686523,-0.1504453420639038,2.0,2.0
0.04005289077758789,0.4385676383972168,6.0,6.0
0.04070854187011719,0.10760784149169922,2.0,10.0
0.07402181625366211,0.10746479034423828,2.0,10.0
-0.2698478698730469,0.004328012466430664,9.0,2.0
-0.017746448516845703,-0.06680870056152344,6.0,10.0
0.16570186614990234,0.27408838272094727,2.0,6.0
-0.028191566467285156,0.04017305374145508,9.0,2.0
0.002482175827026367,0.47567129135131836,2.0,6.0
0.07282853126525879,0.10828399658203125,2.0,10.0
-0.028616905212402344,0.04010009765625,9.0,2.0
0.19440746307373047,1.8576502799987793,6.0,6.0
1.6108498573303223,-3.2246344089508057,2.0,6.0
-0.2949090003967285,0.6733746528625488,6.0,2.0
-0.028710365295410156,0.04009699821472168,9.0,2.0
1.2142367362976074,0.5431513786315918,6.0,6.0
0.0006914138793945312,-0.017481446266174316,6.0,2.0
0.10828685760498047,-0.08449661731719971,9.0,2.0
0.31594324111938477,1.0253019332885742,6.0,6.0
-0.33695507049560547,0.41620779037475586,9.0,6.0
-0.01994013786315918,0.008023738861083984,2.0,2.0
0.29214906692504883,0.30565500259399414,6.0,6.0
-0.008951425552368164,-0.1531757116317749,2.0,2.0
-2.8686318397521973,0.3606381416320801,9.0,6.0
0.11102867126464844,0.06302165985107422,9.0,10.0
0.24294614791870117,-0.10709285736083984,6.0,10.0
-0.029203414916992188,0.03994464874267578,9.0,2.0
0.053852081298828125,0.2308964729309082,9.0,6.0
-0.04317283630371094,0.03784346580505371,9.0,2.0
-0.04421818256378174,0.19126033782958984,2.0,10.0
0.05985236167907715,0.09757137298583984,2.0,10.0
-0.1829237937927246,-6.57436990737915,6.0,10.0
0.03428363800048828,-0.665031909942627,2.0,6.0
0.069122314453125,0.04481792449951172,9.0,10.0
0.7657017707824707,1.1831364631652832,6.0,2.0
0.036977291107177734,0.06465816497802734,2.0,10.0
0.11343765258789062,0.0677480697631836,9.0,10.0
-0.14066028594970703,0.02227306365966797,9.0,2.0
-0.028159141540527344,0.040178775787353516,9.0,2.0
-0.039269447326660156,0.03859353065490723,9.0,2.0
-0.025644779205322266,-0.07126462459564209,2.0,2.0
-0.02093684673309326,0.007795095443725586,2.0,2.0
0.061543941497802734,0.03565216064453125,2.0,10.0
1.2863669395446777,0.8827323913574219,6.0,2.0
-1.752701759338379,-1.8941192626953125,6.0,10.0
-0.02816009521484375,0.04017806053161621,9.0,2.0
0.04393744468688965,0.06603622436523438,2.0,10.0
-0.05038595199584961,0.009465694427490234,2.0,6.0
-0.6587896347045898,-0.05495405197143555,6.0,2.0
-0.04223322868347168,-0.00995492935180664,2.0,6.0
-0.004489898681640625,0.3424673080444336,9.0,6.0
0.3277435302734375,0.3637862205505371,6.0,6.0
-4.020050287246704,-3.931347370147705,6.0,10.0
0.09491920471191406,0.048621177673339844,9.0,10.0
-0.03555583953857422,-0.09651434421539307,2.0,2.0
-0.035599708557128906,0.03905439376831055,9.0,2.0
-0.009721636772155762,-0.15159118175506592,2.0,2.0
0.5684041976928711,0.3901076316833496,6.0,6.0
-0.03171825408935547,0.03964042663574219,9.0,2.0
-0.10007095336914062,-0.0926966667175293,2.0,6.0
0.06563901901245117,0.04380321502685547,2.0,10.0
0.1136474609375,0.06743621826171875,9.0,10.0
2.2493605613708496,2.7567224502563477,2.0,6.0
-0.044707655906677246,0.1938934326171875,2.0,10.0
0.08624124526977539,0.025192975997924805,6.0,2.0
-0.09756898880004883,-0.1150062084197998,6.0,2.0
0.08544349670410156,0.03418159484863281,9.0,10.0
-1.0445342063903809,0.8947243690490723,9.0,6.0
-0.11287224292755127,3.469825267791748,2.0,2.0
-0.027611732482910156,0.03956937789916992,9.0,2.0
0.10830330848693848,0.07831096649169922,2.0,10.0
-0.01581430435180664,-0.14968359470367432,2.0,2.0
-0.7666349411010742,0.28893375396728516,9.0,6.0
-0.028158187866210938,0.040178775787353516,9.0,2.0
-0.00775909423828125,0.03868246078491211,9.0,2.0
0.07136869430541992,0.08073902130126953,2.0,10.0
0.07753753662109375,0.10072040557861328,2.0,10.0
0.0959177017211914,0.08756351470947266,9.0,10.0
0.09324455261230469,0.03738260269165039,9.0,6.0
1.1210217475891113,0.2788100242614746,6.0,6.0
-0.028059005737304688,0.040096282958984375,9.0,2.0
-0.01625347137451172,-0.1522289514541626,2.0,2.0
0.08844566345214844,0.06206321716308594,9.0,10.0
-0.01148843765258789,0.3802151679992676,6.0,2.0
0.06047987937927246,-0.16186857223510742,2.0,6.0
0.31438636779785156,0.5350937843322754,6.0,6.0
0.07853412628173828,0.05087757110595703,9.0,10.0
0.10346627235412598,0.06456947326660156,2.0,10.0
-0.002529144287109375,0.1894536018371582,9.0,6.0
0.7627301216125488,0.32651710510253906,6.0,6.0
0.006810665130615234,0.30820226669311523,6.0,2.0
0.04902458190917969,0.17238235473632812,9.0,10.0
0.10678339004516602,0.033759117126464844,2.0,10.0
0.055672407150268555,0.09825420379638672,2.0,10.0
0.04720878601074219,0.1604018211364746,9.0,6.0
-0.011106491088867188,0.0444331169128418,9.0,2.0
-0.028166770935058594,0.040177345275878906,9.0,2.0
-0.1843395233154297,0.07898235321044922,9.0,10.0
1.2421672344207764,1.2664861679077148,2.0,6.0
0.08840608596801758,0.026811599731445312,6.0,10.0
-0.558748722076416,-0.6291446685791016,6.0,10.0
0.42983055114746094,0.9865908622741699,6.0,6.0
0.1426382064819336,-0.029500961303710938,9.0,6.0
