5.09,5.76
5.32,5.3
7.67,3.99
6.22,4.91
5.87,5.03
9.31,2.74
6.76,3.9
4.18,5.25
8.15,3.83
4.47,5.49
5.3,4.72
5.75,4.84
4.63,5.4
6.62,3.38
4.24,4.94
4.65,5.56
5.44,5.09
8.24,3.89
5.4,5.09
4.99,4.9
5.74,4.81
5.62,3.91
5.45,5.53
4.3,2.66
6.76,4.13
6.66,4.37
9.88,3.6
8.3,3.92
7.66,3.79
5.64,4.18
5.69,4.84
4.14,5.64
7.09,3.47
9.94,2.05
4.51,3.64
5.95,4.5
8.45,2.62
6.6,4.9
7.64,4.23
5.16,5.27
7.3,4.41
9.63,2.99
5.03,4.8
7.89,4.55
6.34,4.44
6.86,4.39
5.02,5.3
6.08,4.9
4.76,5.42
8.13,4.05
5.94,4.48
6.34,4.87
4.64,5.35
5.12,5.26
5.05,5.32
7.41,4.27
7.15,3.71
5.31,4.56
3.89,4.38
6.87,4.72
6.99,4.59
6.49,4.66
4.78,5.6
6.43,4.07
5.09,4.78
7.89,3.62
4.97,5.51
6.71,4.46
7.07,4.34
4.28,5.26
5.8,4.95
6.19,4.64
3.7,5.27
5.56,4.77
5.67,5.3
5.93,5.03
8.19,3.02
4.23,4.95
8.1,4.03
5.62,5.23
6.91,4.48
6.23,4.84
9.04,3.49
9.18,3.63
3.83,5.7
5.2,4.73
4.73,4.3
5.22,5.33
4.55,5.4
4.19,5.71
3.44,5.44
6.65,4.71
5.19,5.12
7.15,3.91
5.04,3.75
7.1,4.49
6.25,4.77
4.72,4.8
7.18,4.09
3.4,3.63
6.25,4.36
5.46,5.32
4.53,4.87
4.71,5.59
7.27,3.75
5.54,4.73
5.61,5.1
5.45,4.46
4.24,3.76
5.54,4.4
6.55,4.29
5.71,4.15
4.66,4.67
5.81,5.07
9.11,3.23
5.66,4.9
4.57,5.31
5.49,4.68
4.84,5.79
7.33,4.17
5.34,4.89
10.1,2.82
9.6,2.6
4.54,5.36
11.42,2.52
7.37,3.85
8.97,3.51
6.62,4.16
7.22,4.14
11.25,2.46
6.51,4.46
8.36,3.63
5.62,4.25
4.54,5.04
6.2,4.61
5.61,5.25
9.35,3.38
7.01,4.39
10.77,2.49
7.68,4.2
8.31,3.85
9.94,3.18
8.02,4.22
7.67,3.76
8.13,4.0
5.58,4.9
6.45,4.44
10.88,2.74
7.08,4.69
7.58,4.23
5.64,5.07
7.12,3.2
5.19,5.11
7.33,4.22
5.14,5.15
5.82,4.68
6.09,4.87
8.68,3.32
6.33,4.97
5.47,5.18
9.37,2.46
12.55,1.9
5.49,4.86
7.3,4.25
5.61,4.54
5.12,4.93
4.38,5.19
5.72,5.04
5.44,4.64
4.37,3.01
5.83,4.09
7.21,4.14
8.7,3.66
6.1,4.7
4.92,5.28
11.41,1.73
9.94,2.91
9.36,3.11
8.62,3.3
10.16,3.02
4.58,5.73
8.65,3.88
7.36,4.64
4.67,5.03
5.15,5.48
6.47,3.89
15.04,0.73
9.74,2.66
8.76,3.05
4.7,4.02
7.01,4.61
7.9,4.34
6.7,4.6
9.1,3.54
7.35,4.42
9.95,2.81
6.33,4.88
7.54,4.11
17.85,-1.87
9.43,3.16
7.05,5.46
10.78,4.05
5.41,6.25
9.82,3.44
14.38,2.01
17.53,-0.04
7.33,4.39
5.6,5.37
4.81,6.18
5.3,6.05
6.45,5.63
6.65,5.83
5.67,5.89
8.81,4.75
4.78,6.32
4.76,6.03
12.23,2.98
6.24,5.17
7.85,5.02
6.56,5.83
5.07,6.95
6.81,5.79
9.22,4.6
5.25,5.86
5.97,5.52
5.02,6.48
5.77,5.9
4.85,6.35
8.35,4.73
5.42,5.7
7.1,5.4
4.89,5.73
9.58,3.59
7.59,5.74
15.57,0.96
8.17,4.4
9.03,3.55
5.87,6.09
5.6,5.95
6.49,3.62
9.19,5.98
5.87,5.66
5.79,5.9
14.54,2.29
9.7,3.98
8.21,4.8
6.3,6.43
8.12,4.75
6.26,6.05
12.57,2.24
8.16,4.55
6.04,5.03
12.74,2.06
8.55,5.26
6.53,4.88
5.89,5.52
5.12,6.97
7.54,5.72
6.45,5.05
8.12,4.66
7.49,4.7
6.78,4.92
5.99,5.98
8.14,5.08
4.52,6.44
5.9,5.58
7.01,5.22
6.78,5.94
13.68,1.79
5.75,6.04
5.37,6.58
5.95,5.55
8.41,5.33
7.3,5.64
7.34,5.54
5.79,5.54
8.65,5.36
6.39,5.51
6.25,6.02
10.3,3.41
7.83,4.76
6.46,5.65
6.05,7.42
5.47,7.39
7.69,5.49
5.87,5.76
6.01,5.68
5.51,6.81
5.6,6.32
7.06,6.11
6.32,6.19
8.0,5.08
6.7,6.19
6.18,6.62
6.76,5.67
5.12,6.63
9.06,5.42
5.17,6.15
4.75,6.4
5.84,6.79
5.39,5.28
7.28,4.64
7.21,5.41
8.47,4.71
8.85,4.45
7.25,4.95
5.39,5.9
5.89,5.04
6.17,5.23
7.57,5.59
10.38,4.19
7.22,4.93
13.69,2.31
10.77,3.41
6.66,4.16
9.67,5.0
4.89,5.28
6.42,5.84
7.21,4.83
6.8,4.78
4.55,5.79
5.69,6.92
5.54,6.03
6.93,5.14
4.95,5.74
6.12,6.04
7.05,4.8
6.66,5.55
5.61,5.98
6.85,5.87
6.97,5.24
5.41,5.06
6.04,5.3
6.45,8.39
5.59,6.87
6.69,4.83
5.64,6.26
6.34,5.6
5.8,8.83
6.41,6.49
7.11,5.3
6.52,6.45
5.18,6.23
6.21,5.72
4.42,6.1
5.32,5.9
4.51,6.08
4.52,6.05
4.92,6.25
6.05,6.15
8.4,4.29
5.34,7.58
7.12,5.88
6.44,5.65
6.05,6.42
6.73,5.32
7.14,5.4
9.22,4.51
6.91,6.05
5.9,6.06
4.8,6.32
4.82,6.26
5.57,6.34
4.88,5.22
5.45,5.52
7.88,4.82
5.4,6.28
5.14,6.52
10.94,6.11
4.76,6.08
4.6,4.87
8.41,5.14
5.39,6.04
7.12,4.97
4.64,6.41
5.23,6.81
6.32,5.45
6.67,5.98
4.83,5.71
5.99,6.08
6.29,5.95
9.12,4.68
4.69,5.96
5.56,5.96
7.37,4.87
4.13,6.6
9.61,3.3
8.36,4.85
4.73,6.54
6.41,7.54
5.54,5.69
12.52,2.73
10.31,5.27
5.1,6.87
6.02,6.55
4.8,7.21
4.45,7.04
5.29,6.35
5.3,6.62
6.96,4.18
4.73,10.12
4.39,10.26
4.22,8.82
4.66,12.02
4.59,9.92
7.1,16.16
5.61,13.91
5.2,11.73
3.05,8.18
4.72,9.59
3.89,10.03
4.32,11.25
4.15,9.39
5.71,12.81
4.26,9.05
6.35,13.84
4.13,9.47
4.17,9.75
5.17,10.23
4.38,9.48
5.35,11.64
2.23,8.22
3.3,8.44
4.52,10.22
4.6,10.55
3.97,9.14
4.32,10.3
3.64,9.46
3.57,8.75
5.18,11.74
5.33,11.02
3.1,7.4
4.89,10.19
3.27,7.03
2.84,7.6
3.9,9.75
6.22,15.35
7.04,18.54
5.12,15.0
8.99,22.29
4.56,10.03
3.69,9.63
4.08,8.94
4.14,10.05
3.3,9.97
5.1,10.73
4.56,10.03
2.82,7.76
5.08,11.16
3.41,8.95
1.91,7.06
3.54,9.04
1.39,6.7
3.74,9.49
3.83,9.84
3.29,9.02
4.58,10.4
2.55,6.95
4.84,10.14
2.05,6.99
5.17,10.61
3.74,8.47
4.26,9.7
4.44,9.08
3.62,8.49
5.04,10.27
3.66,8.14
4.13,8.77
3.61,8.11
4.43,9.31
0.89,7.09
4.19,9.54
5.07,11.59
3.53,7.53
3.98,8.36
3.96,9.55
3.41,9.23
4.5,10.77
3.3,8.23
1.49,6.32
3.76,7.97
3.4,7.92
2.05,7.22
4.19,9.03
5.99,15.45
5.48,12.12
4.17,10.65
4.31,9.29
2.42,7.76
4.09,8.12
4.51,9.88
3.51,8.8
3.86,8.61
3.76,9.94
4.56,9.89
3.37,10.04
3.69,8.86
1.32,6.93
3.94,8.68
3.59,8.45
2.19,6.65
4.65,9.69
4.97,11.08
4.27,9.96
3.88,7.87
3.38,10.87
2.46,7.33
3.62,8.51
3.21,7.36
3.79,9.79
3.33,8.05
3.83,9.29
3.72,8.65
3.12,7.23
4.38,10.49
3.96,7.95
4.76,10.8
3.46,9.49
4.14,10.05
4.78,9.84
3.37,7.16
2.84,6.35
3.02,7.02
3.9,10.02
2.31,7.31
0.76,6.61
3.18,8.81
3.99,9.58
3.33,9.28
3.09,7.07
5.78,13.45
4.42,11.48
3.72,9.0
3.19,8.72
3.11,9.11
2.81,8.64
3.55,9.13
2.88,8.51
3.24,8.63
4.46,10.61
4.3,9.48
4.66,9.33
3.01,8.2
3.61,8.23
3.02,8.61
4.12,9.23
2.64,6.99
3.76,7.63
3.09,7.02
3.42,8.47
3.27,10.11
1.74,6.12
3.65,8.03
3.21,7.93
2.31,7.55
4.87,10.45
4.58,8.61
3.68,8.69
3.12,9.73
5.18,11.91
4.55,10.25
3.73,7.93
4.26,8.43
4.75,10.99
4.63,9.53
4.7,9.34
2.94,8.41
3.08,7.32
3.21,7.39
3.57,7.8
2.99,9.92
3.7,9.11
3.87,8.18
5.21,11.09
3.08,8.59
4.04,8.47
3.03,7.63
4.11,8.08
3.69,8.6
3.82,7.83
4.11,8.36
2.84,7.6
4.27,9.49
3.54,7.46
4.31,9.73
3.24,7.74
3.97,8.99
4.72,9.98
4.17,8.71
2.6,7.32
4.57,10.29
4.94,11.44
4.07,8.45
4.52,9.26
4.78,11.51
4.61,10.05
2.66,8.04
4.91,11.72
4.44,9.95
3.79,9.43
3.02,5.67
3.33,6.22
3.47,5.93
3.3,5.77
2.88,5.55
3.94,6.26
3.75,5.92
3.59,5.91
3.39,6.24
3.56,5.82
2.87,5.93
3.91,5.75
2.96,5.72
3.42,6.18
3.38,6.17
3.0,5.93
3.17,5.85
3.44,6.04
3.07,5.96
3.01,5.79
3.15,5.81
3.45,6.07
3.37,5.63
3.51,6.44
3.35,5.93
3.11,6.23
3.36,6.23
3.7,6.26
2.93,5.56
2.75,5.36
3.17,5.71
2.41,5.05
3.68,5.98
3.66,5.94
2.37,4.93
3.16,5.57
3.88,5.74
3.78,6.16
3.43,6.36
3.67,6.29
2.91,5.4
4.27,5.69
3.46,6.01
4.88,5.43
3.82,6.1
4.51,5.8
3.66,5.73
3.31,6.09
3.45,5.72
3.76,6.03
3.16,6.0
3.71,5.97
3.92,5.67
3.5,5.4
3.89,5.78
3.45,6.16
4.57,5.77
3.28,5.59
4.56,5.67
4.93,5.06
4.44,5.81
4.38,5.73
4.0,5.94
3.83,6.21
2.73,5.06
3.33,5.62
4.69,5.83
3.96,6.21
4.07,6.31
4.17,5.65
3.73,5.95
3.4,5.83
3.97,6.58
3.96,6.86
4.22,5.57
4.03,5.62
4.93,5.37
3.96,5.78
4.41,6.54
4.43,5.54
3.74,5.6
3.64,5.76
3.99,5.37
3.42,5.5
3.86,6.01
3.82,6.2
3.98,5.49
4.26,5.57
3.47,5.87
3.56,5.77
2.65,5.54
3.6,5.38
5.0,4.8
4.87,5.0
3.94,5.85
3.39,5.69
3.9,5.53
4.43,5.25
4.3,5.88
4.08,5.65
3.96,6.0
4.05,5.39
4.37,5.45
4.68,5.27
3.95,5.47
4.01,5.43
4.47,5.5
4.12,6.05
4.49,5.21
2.69,4.97
3.88,5.52
3.78,6.05
4.0,5.88
3.05,4.65
4.03,5.35
3.64,5.17
3.74,5.91
5.43,5.12
4.04,5.52
4.59,6.22
3.2,5.93
3.34,6.07
3.68,6.08
3.5,6.67
3.21,5.92
3.4,5.85
2.36,5.2
2.91,5.4
2.85,5.48
3.94,5.55
3.52,5.37
2.61,5.04
3.88,5.61
2.13,5.14
3.32,5.58
2.71,5.24
3.23,5.55
3.17,5.39
3.49,5.37
3.86,5.21
3.68,5.68
2.69,5.28
3.8,5.66
2.93,5.05
3.53,5.79
3.33,5.47
3.27,5.45
4.6,5.31
2.82,4.64
4.32,5.65
2.1,4.64
2.82,5.59
3.55,4.96
3.88,5.85
4.32,5.42
2.59,5.2
4.43,5.78
3.29,5.27
3.51,6.86
3.56,5.76
3.14,5.33
3.54,6.1
3.43,5.76
3.96,5.85
3.73,5.61
3.54,5.98
3.79,6.28
3.6,5.76
4.14,6.36
3.36,5.57
3.46,5.7
3.53,5.57
4.21,5.34
3.45,5.57
3.46,5.48
3.23,5.61
3.48,5.54
3.35,5.63
2.99,5.29
3.22,5.54
3.58,5.42
3.24,5.82
3.11,5.6
2.56,5.66
2.85,5.76
3.29,5.9
3.28,5.86
2.74,5.7
2.18,5.03
3.13,5.75
3.39,6.14
2.71,5.53
3.01,6.1
3.5,6.36
3.12,5.95
2.96,6.02
3.73,6.03
3.05,5.71
3.37,6.26
3.03,5.98
4.34,6.97
4.18,6.97
4.19,7.57
4.36,7.11
3.99,6.77
4.23,6.8
4.45,7.39
4.3,7.45
4.28,6.9
4.48,7.29
4.26,6.82
4.39,7.34
4.24,6.9
4.31,7.26
4.21,6.82
4.3,7.05
4.29,6.84
4.35,6.9
4.42,7.17
4.45,7.61
4.23,7.13
4.18,6.81
3.7,6.53
4.05,6.67
4.19,6.78
4.22,6.75
4.08,6.89
4.32,6.99
4.55,7.6
4.17,6.95
4.19,6.88
4.37,7.6
4.15,6.93
4.35,7.46
4.63,7.76
4.57,7.95
4.48,7.18
4.48,7.36
4.21,6.85
4.45,7.31
4.62,7.78
4.41,7.2
4.38,7.2
4.41,7.09
4.15,6.8
4.23,7.04
4.4,6.96
4.72,8.33
4.25,6.89
4.46,7.17
4.29,6.86
4.45,7.26
4.03,6.83
4.28,6.97
4.53,7.42
4.19,6.87
4.33,7.0
4.26,6.9
4.07,7.53
4.32,7.02
4.08,6.89
4.16,6.87
4.41,7.22
4.37,7.27
4.32,6.93
4.39,7.01
4.64,7.99
4.18,6.97
4.3,7.61
4.36,7.15
4.14,7.15
4.28,7.16
4.24,6.98
4.38,7.52
4.26,7.22
4.45,7.19
4.46,7.5
4.58,7.62
4.34,7.77
4.31,7.14
4.44,7.31
4.49,7.46
4.54,7.77
4.27,6.97
4.4,7.75
4.35,7.64
4.12,6.85
4.0,6.66
4.18,6.86
4.37,7.35
4.43,7.43
4.36,6.94
4.08,6.6
4.36,7.46
4.22,6.91
4.27,7.01
4.22,7.12
4.05,6.64
4.04,6.74
3.63,6.54
4.13,6.72
4.18,6.93
4.76,8.14
4.59,7.36
4.38,7.32
4.3,6.85
4.37,7.18
4.57,7.75
4.14,6.89
4.16,7.33
4.26,7.11
3.99,6.78
4.47,7.65
4.15,6.95
4.43,7.4
4.39,7.46
4.1,6.96
4.23,6.93
4.22,7.11
4.3,7.12
4.33,6.93
4.27,7.01
4.17,6.84
4.21,6.88
4.0,6.69
4.33,7.23
4.29,6.73
4.22,6.86
4.3,7.27
4.2,6.89
4.22,7.27
4.07,6.67
3.78,6.52
3.93,6.79
4.25,6.87
4.13,6.88
4.11,7.12
4.26,6.88
4.13,6.85
4.21,6.78
4.29,6.97
4.34,6.9
4.23,6.97
4.4,7.07
4.16,6.94
4.4,6.94
4.42,7.31
4.02,6.69
4.17,7.09
4.23,7.05
4.18,6.79
4.29,6.96
4.13,6.83
4.34,6.86
4.28,6.95
4.32,7.08
4.24,6.7
4.24,6.85
4.1,6.81
3.95,6.78
4.28,6.91
4.29,7.29
4.16,6.96
4.43,7.21
3.91,6.82
3.98,6.77
4.01,7.2
4.24,6.9
4.31,7.03
4.04,6.63
4.36,7.03
4.28,6.95
4.28,6.97
4.42,7.09
4.14,7.11
4.15,6.93
4.17,6.69
4.41,7.05
3.91,6.62
3.92,6.73
4.15,6.95
4.36,7.51
4.21,6.97
4.2,6.95
3.97,6.78
4.29,7.27
4.03,6.85
4.3,7.1
4.14,6.86
4.06,6.82
4.38,7.13
4.25,7.04
4.31,6.95
4.37,7.05
4.22,7.05
4.15,6.99
4.25,7.19
4.12,6.72
4.28,7.13
4.03,7.06
4.91,7.12
4.53,6.82
4.61,7.18
4.43,6.77
4.5,6.85
4.99,7.04
4.38,7.32
4.72,7.24
4.64,7.47
4.76,7.02
4.41,6.95
4.68,6.81
4.3,6.69
4.76,7.25
4.31,6.96
4.41,6.61
4.38,7.17
4.12,6.75
4.68,7.42
4.57,7.34
4.32,6.44
4.49,6.75
4.55,6.65
4.64,7.4
5.38,7.71
4.7,7.1
4.43,6.75
4.54,6.88
4.45,6.83
4.46,6.62
4.95,7.47
4.84,7.3
4.63,6.73
5.19,6.42
4.79,7.01
4.74,7.59
4.07,6.51
4.83,6.49
4.73,7.36
4.24,6.01
4.54,6.84
5.26,7.01
4.98,7.73
4.67,7.02
5.06,7.61
4.41,6.83
4.64,6.72
4.84,7.64
4.73,7.1
4.92,7.65
4.72,7.07
4.38,6.74
4.78,6.76
4.57,6.7
4.98,7.05
4.81,6.93
3.75,6.68
4.54,6.65
4.48,6.62
4.89,6.49
4.4,6.81
4.24,6.8
4.41,6.67
4.39,6.72
4.46,6.57
5.21,6.87
4.61,7.07
4.75,7.53
4.63,7.32
4.35,6.45
4.64,6.78
4.47,6.61
5.35,7.29
5.22,7.15
4.99,7.36
4.65,6.65
4.69,6.67
4.11,6.77
4.5,6.69
5.58,7.07
4.6,6.38
4.68,7.23
5.16,6.92
4.43,6.96
4.89,6.48
5.48,7.36
5.22,7.07
5.09,6.83
4.87,7.27
5.93,6.04
5.01,6.42
4.89,6.39
4.75,6.47
5.08,6.4
4.38,6.56
5.13,6.17
6.85,6.18
5.17,8.55
4.79,6.82
4.43,6.67
5.05,7.72
5.03,7.01
4.43,6.67
5.03,6.52
4.62,7.03
4.69,7.09
4.7,7.37
4.43,6.66
4.52,6.88
4.33,6.71
4.92,6.57
4.64,7.68
4.41,6.91
4.3,7.1
4.8,7.83
4.62,6.82
4.47,6.92
4.29,6.86
4.0,6.62
4.36,6.72
4.98,7.5
4.55,6.98
4.64,7.31
4.65,6.94
5.06,7.14
4.76,7.55
4.1,6.77
4.39,6.88
4.65,7.11
4.7,7.79
4.8,6.96
4.45,7.12
4.65,6.59
4.3,6.89
4.2,6.45
4.49,7.13
4.74,6.94
4.51,7.12
5.07,8.48
4.35,6.82
4.69,7.62
4.61,7.18
4.63,7.68
5.26,9.52
4.45,7.05
4.38,6.93
4.16,6.59
4.68,7.47
4.7,6.85
4.6,7.03
4.45,7.26
4.47,6.85
5.16,7.23
4.41,7.27
4.46,7.16
4.83,8.08
4.96,6.55
4.56,6.67
4.34,6.88
4.82,7.37
5.03,7.19
4.53,7.06
4.57,7.04
4.93,7.36
4.6,6.91
4.75,7.04
4.62,6.75
4.56,6.71
4.86,7.54
4.68,6.97
4.75,6.72
5.64,6.51
4.51,7.11
4.51,6.68
5.05,7.02
4.79,7.43
4.34,6.87
5.36,7.58
5.02,7.16
4.88,7.18
5.0,7.13
4.76,6.99
4.7,6.87
5.0,6.9
4.47,6.65
4.62,7.66
4.56,6.66
5.17,7.55
4.4,7.12
4.54,6.6
5.93,6.95
4.76,7.22
4.58,6.97
4.52,7.01
5.02,6.6
5.37,6.51
4.55,6.92
4.22,6.78
4.13,6.63
4.22,7.05
10.51,2.25
15.28,0.05
12.78,1.42
10.42,2.22
7.53,3.33
11.52,1.59
21.08,-2.72
13.0,1.03
10.54,2.65
16.55,-0.54
7.66,3.39
7.71,4.12
5.28,5.08
8.79,2.96
6.07,4.45
11.28,1.44
17.7,-1.3
7.57,3.82
5.98,4.07
18.79,-1.45
7.81,3.74
10.6,2.32
20.21,-3.15
6.94,4.47
10.35,2.21
11.36,1.98
5.97,4.92
13.84,0.98
15.76,-0.29
7.79,3.76
7.3,4.09
2.85,4.04
5.55,2.87
3.23,4.42
10.59,2.35
6.62,4.27
6.87,4.28
7.41,3.73
9.34,2.65
8.94,0.53
13.57,0.24
8.78,1.98
7.36,3.91
11.12,1.79
5.84,4.59
6.5,3.19
7.47,3.04
9.77,2.9
12.09,-0.6
5.28,4.12
10.1,2.75
12.03,1.44
12.57,0.75
7.14,3.8
5.73,4.51
14.06,-0.06
6.96,3.71
7.45,3.76
18.86,-1.4
6.27,4.24
8.74,2.3
8.96,2.75
7.75,3.49
8.11,3.66
12.56,1.75
6.55,4.39
8.08,3.38
28.4,-6.24
11.25,1.47
6.34,4.63
6.11,4.48
10.44,2.58
19.0,-2.14
8.65,3.17
17.82,-1.23
16.16,-0.06
9.95,3.08
13.59,0.87
57.8,-20.9
5.69,4.25
50.2,-17.35
8.4,3.04
15.94,-0.16
19.58,-1.79
12.29,1.59
7.97,3.63
10.64,2.34
11.14,2.27
23.21,-4.48
9.74,2.93
10.01,2.73
8.42,3.39
15.72,-0.28
9.11,3.52
10.27,2.15
17.71,-1.28
10.35,2.2
8.68,2.92
14.6,-0.33
9.45,2.39
12.68,1.35
10.58,2.3
25.83,-5.21
29.17,-7.14
5.64,4.62
19.27,-1.99
9.23,2.92
18.44,-1.67
15.41,-0.5
17.87,-1.2
8.42,3.65
14.21,0.08
14.72,0.38
7.68,3.9
10.71,2.37
14.31,0.72
16.7,-0.42
25.73,-5.28
16.04,-0.13
9.0,3.12
10.44,2.59
6.2,4.81
7.08,4.17
7.48,4.0
23.71,-4.2
7.25,3.86
13.5,0.81
9.13,2.87
29.14,-7.15
33.84,-8.87
15.49,-0.44
8.63,3.48
6.73,4.35
12.53,1.73
8.74,3.53
15.11,-0.04
8.3,3.79
18.09,-1.06
6.96,3.25
24.13,-5.07
7.0,4.51
16.88,-0.99
8.55,3.71
16.01,-0.13
18.59,-1.57
14.64,0.34
10.26,2.5
9.63,2.51
17.22,-0.85
15.29,0.06
17.5,-1.41
17.92,-1.16
10.66,2.36
9.65,2.85
9.91,3.01
24.54,-4.82
10.54,2.33
6.5,4.22
6.71,3.77
14.8,-0.16
19.17,-2.05
7.62,4.09
17.3,-0.79
16.19,-0.74
8.63,3.71
8.35,3.57
7.39,4.17
9.67,2.84
11.1,1.83
9.07,2.89
19.51,-1.87
7.18,3.83
6.07,4.45
11.24,1.9
14.06,-0.04
14.3,0.73
8.23,3.77
25.98,-5.13
9.78,1.84
21.04,-2.73
11.14,2.27
10.98,2.23
14.82,0.42
8.61,3.46
10.53,2.66
30.75,-7.6
11.04,2.65
7.46,4.27
6.18,4.7
7.39,4.16
7.64,4.1
8.82,3.33
5.66,5.03
12.11,2.13
9.5,3.09
9.49,2.48
7.73,3.93
6.53,4.24
11.99,1.9
12.42,1.24
5.17,9.58
5.5,9.91
5.77,9.18
6.44,11.29
5.27,9.6
5.48,8.67
5.22,9.54
5.31,9.53
6.06,9.25
6.19,9.5
5.87,7.26
7.05,9.81
5.69,9.54
6.17,10.07
5.37,8.44
4.87,8.27
5.37,9.25
5.32,8.89
5.58,10.11
5.85,9.55
5.9,10.43
5.93,8.55
5.4,8.26
5.24,7.98
6.13,11.3
6.11,10.07
5.6,9.06
8.0,14.89
4.97,8.38
4.98,8.33
5.6,10.86
5.24,9.03
5.66,9.33
5.12,8.5
5.44,8.85
5.81,9.69
6.87,11.8
5.44,8.55
5.13,8.54
6.04,8.98
5.88,11.0
5.33,8.19
6.64,12.1
5.93,8.41
5.83,9.51
5.31,9.32
6.66,9.67
7.55,11.67
5.36,8.06
8.62,13.99
5.5,8.47
6.56,12.12
6.22,10.85
7.56,12.91
6.28,11.92
7.62,11.33
6.04,9.19
5.2,7.7
5.37,9.79
5.81,10.19
6.13,10.4
6.22,10.92
5.96,11.67
6.01,11.01
5.53,8.92
5.61,9.03
6.24,10.97
5.68,10.68
6.3,11.13
6.43,10.72
7.14,14.45
5.63,9.33
6.06,8.53
5.13,9.01
6.33,11.23
6.34,11.76
3.9,7.54
5.01,8.07
5.99,9.64
5.39,10.81
6.48,11.51
5.77,9.75
6.78,10.08
6.03,9.44
5.46,8.85
6.92,8.66
5.96,8.57
5.68,9.84
5.82,9.55
6.41,11.0
5.77,7.48
6.11,9.61
6.62,6.8
6.22,8.67
6.68,11.29
5.94,7.84
6.21,7.29
6.1,8.09
6.89,8.65
5.55,8.42
5.77,9.2
5.77,9.29
5.31,9.51
5.72,8.72
5.17,9.73
5.35,7.96
5.93,9.61
5.32,9.29
4.94,8.99
3.92,8.5
5.46,9.06
5.54,10.33
5.13,7.87
4.86,7.88
4.62,9.46
5.27,8.95
4.88,8.77
5.06,8.74
5.28,8.42
4.6,9.23
6.19,10.79
4.91,7.28
2.82,6.18
2.88,6.9
4.76,7.63
4.3,7.3
4.38,7.05
3.89,6.85
4.42,7.56
4.9,8.24
2.34,6.32
5.16,10.38
4.83,8.71
5.46,8.85
4.92,7.22
4.08,7.63
4.77,7.83
4.79,7.52
5.42,9.57
4.75,7.59
4.61,7.82
5.12,8.65
5.24,7.53
5.04,7.66
4.85,7.19
4.81,7.58
4.1,6.87
5.03,7.89
4.63,7.59
5.5,9.45
4.56,10.11
5.01,8.21
5.34,8.67
5.01,7.74
5.14,8.15
4.86,7.94
4.95,7.91
5.93,11.02
5.25,8.25
5.18,8.86
5.25,8.65
5.55,8.66
5.52,8.33
8.41,17.04
4.95,8.79
5.15,8.31
4.82,7.77
4.86,8.38
5.39,8.79
5.27,8.49
5.18,7.76
5.36,8.25
5.58,10.01
5.48,8.76
5.79,9.21
6.01,10.68
5.16,8.22
5.0,7.84
6.59,12.47
6.43,11.92
5.53,9.09
6.6,12.41
5.12,8.75
5.47,9.39
5.98,8.96
6.53,10.87
5.22,8.66
7.1,13.81
5.17,8.34
6.41,11.35
7.65,11.43
7.63,15.42
5.67,8.47
6.1,10.11
5.19,8.13
5.37,7.55
5.91,9.87
6.32,11.84
5.6,9.39
5.46,9.07
14.13,5.19
10.35,5.1
8.05,7.45
10.32,6.69
7.7,7.85
7.26,7.1
8.43,5.77
9.02,6.83
6.71,6.74
9.05,7.46
9.01,6.75
13.78,4.25
7.85,9.08
8.3,9.57
7.7,7.41
8.0,6.84
11.51,6.34
8.3,7.26
15.65,3.13
10.25,5.71
9.79,6.9
7.59,7.2
8.59,6.45
9.17,8.02
6.92,8.03
7.86,7.42
13.86,6.13
8.01,7.43
16.7,2.49
8.19,6.33
7.47,6.39
6.8,6.58
6.61,7.4
13.12,3.85
11.45,4.27
7.02,7.45
8.48,7.27
10.85,5.46
7.26,6.6
8.37,6.77
10.85,4.53
17.62,3.12
11.69,4.75
15.86,2.06
10.01,6.69
12.0,4.5
6.51,7.88
9.62,5.67
7.48,7.98
9.88,8.46
12.61,5.03
9.44,5.98
22.74,0.77
8.03,6.42
12.45,3.67
6.84,6.27
6.56,8.61
6.62,7.85
9.06,5.73
15.86,2.29
8.12,8.62
11.08,8.01
20.65,2.66
10.85,7.4
7.81,8.18
10.17,8.65
7.76,7.15
13.15,3.82
7.0,8.62
9.68,5.76
9.0,6.67
14.7,3.8
8.39,6.31
8.92,6.49
7.26,6.29
7.87,7.34
9.38,8.36
8.46,6.51
6.37,7.73
7.95,5.83
8.64,5.89
6.92,7.5
8.71,5.97
10.29,11.6
7.61,8.49
8.31,7.77
8.07,6.49
13.32,3.16
7.44,6.67
9.63,5.01
6.84,7.06
12.01,5.6
10.61,5.83
8.62,7.0
7.39,7.22
8.69,7.83
6.39,7.96
8.97,6.02
13.05,3.58
6.98,6.7
7.36,8.82
7.32,6.41
8.64,5.8
6.8,6.93
5.74,7.22
7.56,7.0
6.39,7.75
8.19,8.4
8.16,7.84
7.93,8.89
7.22,6.58
11.05,5.13
6.44,7.64
10.66,5.01
9.49,6.07
14.05,3.57
6.99,7.74
7.61,7.22
6.97,6.36
7.5,6.86
6.08,7.33
7.86,6.49
9.18,6.56
11.53,5.39
6.16,6.46
6.12,7.02
8.07,5.95
7.37,6.92
7.77,8.07
12.04,4.69
9.07,6.31
7.97,6.71
7.6,6.82
8.52,6.03
10.11,5.26
12.03,3.58
5.68,7.1
7.64,6.42
8.4,8.36
7.73,6.57
7.09,7.37
14.67,3.65
9.87,6.61
9.09,5.8
12.15,3.75
7.53,7.81
6.94,7.17
10.7,5.2
9.95,5.71
13.2,4.06
8.84,6.93
10.53,4.72
8.43,6.33
8.56,6.69
8.5,5.38
7.71,6.05
12.81,4.27
20.44,-0.39
11.91,6.43
8.82,6.1
10.38,5.99
7.15,7.87
14.07,3.75
7.44,6.71
8.02,7.28
11.56,5.55
16.01,4.21
19.88,0.44
18.64,1.64
11.01,5.89
17.85,1.61
6.41,6.71
12.77,4.19
10.91,4.74
7.66,6.91
6.75,6.41
9.74,5.97
18.01,2.05
11.03,5.01
8.62,5.63
10.72,6.19
12.48,4.74
8.65,6.49
7.19,6.52
12.28,5.3
6.06,7.67
7.28,7.06
6.26,6.69
11.05,6.14
6.11,7.1
8.34,6.7
10.06,6.89
7.86,9.82
7.62,7.65
8.19,9.26
8.99,8.41
15.34,4.11
6.15,8.38
7.69,6.99
8.85,8.12
4.29,6.31
4.29,6.27
4.41,6.17
4.35,6.25
4.32,6.25
4.45,6.1
4.34,6.15
4.17,6.25
4.44,6.18
4.21,6.26
4.26,6.21
4.3,6.23
4.22,6.26
4.3,6.11
4.18,6.22
4.23,6.27
4.29,6.24
4.45,6.19
4.28,6.27
4.24,6.24
4.3,6.22
4.26,6.16
4.32,6.29
4.15,6.05
4.35,6.18
4.35,6.21
4.57,6.22
4.46,6.19
4.4,6.16
4.27,6.17
4.3,6.21
4.18,6.29
4.34,6.13
4.46,6.07
4.17,6.11
4.3,6.19
4.39,6.09
4.39,6.25
4.43,6.2
4.27,6.26
4.41,6.21
4.49,6.14
4.24,6.22
4.47,6.26
4.33,6.2
4.37,6.2
4.26,6.26
4.34,6.24
4.24,6.26
4.46,6.2
4.3,6.19
4.36,6.23
4.22,6.26
4.26,6.24
4.26,6.27
4.41,6.2
4.36,6.15
4.25,6.19
4.14,6.16
4.4,6.23
4.4,6.22
4.36,6.22
4.25,6.28
4.32,6.16
4.24,6.21
4.4,6.14
4.26,6.27
4.36,6.2
4.39,6.21
4.18,6.24
4.31,6.23
4.33,6.21
4.12,6.24
4.28,6.2
4.33,6.26
4.33,6.24
4.39,6.11
4.17,6.2
4.46,6.19
4.31,6.24
4.38,6.22
4.35,6.23
4.49,6.16
4.52,6.19
4.14,6.29
4.25,6.2
4.2,6.16
4.28,6.25
4.21,6.25
4.18,6.28
4.1,6.28
4.38,6.22
4.26,6.23
4.37,6.16
4.21,6.12
4.4,6.21
4.34,6.21
4.21,6.19
4.38,6.16
4.1,6.1
4.32,6.19
4.3,6.27
4.2,6.21
4.24,6.27
4.37,6.14
4.28,6.22
4.3,6.25
4.26,6.18
4.16,6.12
4.26,6.18
4.34,6.17
4.27,6.15
4.2,6.2
4.32,6.24
4.47,6.13
4.3,6.23
4.21,6.23
4.27,6.21
4.26,6.32
4.4,6.17
4.27,6.21
4.52,6.12
4.47,6.11
4.21,6.24
4.61,6.14
4.38,6.16
4.49,6.17
4.34,6.16
4.39,6.18
4.58,6.14
4.35,6.19
4.44,6.15
4.26,6.16
4.2,6.22
4.33,6.2
4.32,6.25
4.51,6.16
4.39,6.19
4.55,6.11
4.43,6.19
4.46,6.17
4.54,6.17
4.47,6.21
4.4,6.15
4.46,6.18
4.29,6.21
4.34,6.19
4.57,6.16
4.42,6.24
4.42,6.21
4.3,6.23
4.33,6.1
4.26,6.23
4.4,6.19
4.26,6.23
4.3,6.2
4.34,6.23
4.45,6.14
4.37,6.24
4.3,6.24
4.44,6.09
4.63,6.12
4.28,6.21
4.4,6.2
4.27,6.18
4.25,6.22
4.19,6.24
4.31,6.24
4.27,6.2
4.15,6.06
4.27,6.16
4.39,6.18
4.47,6.18
4.33,6.21
4.25,6.25
4.53,6.09
4.51,6.15
4.48,6.14
4.44,6.14
4.54,6.17
4.23,6.3
4.49,6.2
4.45,6.24
4.21,6.22
4.28,6.28
4.31,6.14
4.72,6.1
4.48,6.11
4.43,6.12
4.19,6.13
4.4,6.22
4.47,6.22
4.37,6.21
4.5,6.17
4.42,6.21
4.51,6.13
4.36,6.24
4.41,6.18
4.69,5.96
4.49,6.15
4.45,6.35
4.63,6.31
4.31,6.4
4.52,6.22
4.75,6.23
4.79,6.13
4.41,6.23
4.31,6.3
4.26,6.38
4.31,6.37
4.39,6.35
4.41,6.38
4.34,6.36
4.54,6.32
4.26,6.4
4.25,6.36
4.63,6.25
4.35,6.29
4.49,6.32
4.42,6.38
4.28,6.46
4.43,6.38
4.52,6.32
4.29,6.35
4.34,6.33
4.29,6.42
4.35,6.37
4.27,6.4
4.5,6.31
4.31,6.33
4.46,6.34
4.25,6.34
4.52,6.22
4.47,6.39
4.73,6.17
4.47,6.26
4.48,6.2
4.35,6.39
4.34,6.37
4.31,6.17
4.54,6.42
4.37,6.33
4.37,6.36
4.77,6.26
4.57,6.27
4.5,6.31
4.39,6.43
4.48,6.3
4.39,6.39
4.64,6.18
4.49,6.28
4.33,6.28
4.62,6.18
4.52,6.36
4.36,6.27
4.33,6.33
4.29,6.46
4.46,6.38
4.37,6.28
4.48,6.29
4.43,6.28
4.39,6.28
4.37,6.38
4.51,6.34
4.24,6.41
4.36,6.33
4.44,6.32
4.44,6.39
4.65,6.19
4.37,6.38
4.34,6.44
4.34,6.33
4.52,6.37
4.45,6.37
4.48,6.37
4.34,6.32
4.53,6.38
4.4,6.33
4.39,6.39
4.56,6.23
4.46,6.29
4.41,6.35
4.39,6.51
4.33,6.51
4.47,6.37
4.36,6.35
4.36,6.35
4.35,6.46
4.35,6.41
4.45,6.41
4.38,6.4
4.51,6.34
4.42,6.41
4.38,6.44
4.41,6.36
4.3,6.44
4.51,6.38
4.29,6.38
4.26,6.41
4.35,6.45
4.28,6.3
4.4,6.27
4.46,6.35
4.49,6.31
4.52,6.29
4.43,6.3
4.31,6.36
4.31,6.28
4.35,6.3
4.45,6.37
4.56,6.31
4.41,6.3
4.7,6.23
4.59,6.25
4.34,6.21
4.58,6.37
4.24,6.3
4.4,6.37
4.42,6.28
4.38,6.26
4.22,6.33
4.35,6.46
4.35,6.38
4.4,6.31
4.26,6.34
4.37,6.39
4.4,6.27
4.4,6.35
4.34,6.37
4.44,6.39
4.4,6.33
4.28,6.28
4.35,6.3
4.41,6.58
4.34,6.46
4.37,6.27
4.35,6.4
4.38,6.35
4.34,6.6
4.41,6.44
4.44,6.33
4.4,6.43
4.31,6.39
4.37,6.36
4.22,6.37
4.29,6.36
4.23,6.36
4.23,6.36
4.28,6.39
4.36,6.4
4.48,6.26
4.34,6.54
4.47,6.4
4.39,6.35
4.37,6.42
4.4,6.32
4.43,6.34
4.55,6.31
4.45,6.41
4.36,6.39
4.25,6.4
4.26,6.39
4.36,6.42
4.24,6.28
4.3,6.32
4.43,6.31
4.3,6.4
4.31,6.43
4.63,6.45
4.26,6.36
4.21,6.25
4.53,6.35
4.31,6.38
4.43,6.29
4.26,6.41
4.33,6.46
4.36,6.33
4.42,6.39
4.25,6.33
4.38,6.39
4.39,6.38
4.51,6.32
4.24,6.36
4.34,6.37
4.43,6.29
4.18,6.43
4.5,6.2
4.49,6.32
4.26,6.42
4.42,6.53
4.3,6.35
4.63,6.24
4.6,6.39
4.31,6.47
4.37,6.43
4.27,6.5
4.22,6.47
4.31,6.41
4.31,6.43
4.35,6.24
4.16,6.72
4.13,6.7
4.13,6.63
4.11,6.78
4.15,6.7
4.28,6.98
4.17,6.87
4.18,6.78
4.04,6.57
4.18,6.68
4.08,6.68
4.09,6.74
4.11,6.66
4.21,6.84
4.15,6.63
4.27,6.9
4.12,6.66
4.11,6.67
4.24,6.72
4.15,6.66
4.2,6.79
3.98,6.56
4.05,6.59
4.14,6.7
4.14,6.72
4.11,6.64
4.11,6.71
4.06,6.65
4.06,6.62
4.18,6.79
4.22,6.78
4.03,6.52
4.18,6.72
4.04,6.49
4.01,6.53
4.08,6.67
4.2,6.92
4.2,7.02
4.1,6.88
4.31,7.15
4.14,6.71
4.06,6.66
4.11,6.64
4.09,6.69
4.03,6.67
4.19,6.75
4.14,6.71
4.0,6.55
4.18,6.76
4.05,6.62
3.94,6.5
4.06,6.63
3.9,6.48
4.08,6.65
4.07,6.67
4.04,6.62
4.14,6.71
3.99,6.48
4.18,6.71
3.95,6.49
4.21,6.75
4.08,6.6
4.12,6.68
4.16,6.64
4.07,6.6
4.2,6.73
4.08,6.58
4.12,6.63
4.08,6.57
4.15,6.66
3.88,6.51
4.11,6.67
4.18,6.76
4.08,6.53
4.12,6.59
4.08,6.67
4.04,6.64
4.13,6.72
4.06,6.57
3.92,6.44
4.1,6.57
4.06,6.56
3.95,6.51
4.11,6.65
4.18,6.91
4.2,6.82
4.09,6.72
4.13,6.66
3.98,6.54
4.13,6.59
4.14,6.7
4.06,6.61
4.09,6.61
4.07,6.67
4.15,6.7
4.03,6.68
4.08,6.61
3.91,6.49
4.1,6.62
4.07,6.6
3.98,6.45
4.17,6.69
4.17,6.75
4.11,6.69
4.1,6.57
4.02,6.71
3.99,6.51
4.08,6.59
4.03,6.52
4.08,6.66
4.05,6.57
4.09,6.64
4.07,6.61
4.06,6.5
4.11,6.72
4.13,6.56
4.15,6.73
4.05,6.65
4.09,6.69
4.19,6.69
4.08,6.49
4.02,6.42
4.04,6.48
4.08,6.68
3.98,6.51
3.88,6.47
4.04,6.61
4.11,6.65
4.06,6.62
4.06,6.48
4.21,6.85
4.1,6.75
4.08,6.63
4.03,6.61
4.03,6.62
4.04,6.58
4.07,6.63
4.02,6.58
4.04,6.6
4.13,6.71
4.13,6.67
4.18,6.67
4.02,6.57
4.09,6.58
4.04,6.58
4.12,6.65
3.98,6.49
4.09,6.55
4.03,6.49
4.05,6.6
4.03,6.67
3.93,6.42
4.09,6.57
4.06,6.55
3.96,6.53
4.17,6.73
4.19,6.64
4.08,6.61
4.02,6.66
4.17,6.79
4.14,6.71
4.08,6.57
4.14,6.61
4.14,6.75
4.17,6.68
4.19,6.67
4.03,6.58
4.03,6.51
4.04,6.52
4.08,6.55
4.01,6.66
4.08,6.63
4.11,6.58
4.2,6.77
4.04,6.59
4.11,6.61
4.03,6.54
4.14,6.58
4.08,6.61
4.11,6.55
4.14,6.6
4.01,6.54
4.12,6.67
4.08,6.53
4.12,6.68
4.05,6.54
4.09,6.64
4.16,6.71
4.12,6.63
3.99,6.51
4.14,6.71
4.15,6.77
4.12,6.6
4.16,6.66
4.14,6.77
4.15,6.71
4.01,6.55
4.16,6.77
4.13,6.7
4.08,6.65
4.07,6.32
4.09,6.39
4.1,6.34
4.09,6.33
4.04,6.3
4.16,6.39
4.14,6.34
4.12,6.34
4.09,6.39
4.11,6.32
4.05,6.36
4.16,6.32
4.05,6.33
4.09,6.38
4.1,6.38
4.05,6.36
4.07,6.34
4.1,6.36
4.06,6.36
4.06,6.34
4.07,6.33
4.1,6.36
4.09,6.3
4.11,6.41
4.1,6.35
4.06,6.39
4.09,6.39
4.13,6.39
4.04,6.3
4.03,6.28
4.08,6.32
4.01,6.25
4.13,6.35
4.13,6.35
4.03,6.26
4.08,6.31
4.15,6.32
4.14,6.37
4.11,6.4
4.14,6.39
4.06,6.29
4.19,6.32
4.11,6.36
4.24,6.31
4.15,6.37
4.22,6.32
4.13,6.31
4.08,6.37
4.1,6.31
4.14,6.36
4.08,6.36
4.13,6.35
4.16,6.31
4.12,6.29
4.16,6.33
4.1,6.38
4.23,6.33
4.1,6.31
4.22,6.32
4.24,6.26
4.21,6.33
4.21,6.33
4.17,6.35
4.15,6.38
4.04,6.24
4.09,6.3
4.24,6.34
4.16,6.38
4.18,6.39
4.18,6.29
4.13,6.34
4.1,6.33
4.17,6.42
4.16,6.45
4.19,6.3
4.17,6.3
4.25,6.3
4.17,6.34
4.21,6.42
4.21,6.31
4.15,6.32
4.13,6.33
4.16,6.28
4.11,6.29
4.15,6.36
4.15,6.38
4.16,6.28
4.19,6.3
4.12,6.35
4.12,6.33
4.02,6.31
4.12,6.27
4.24,6.24
4.23,6.23
4.16,6.33
4.1,6.31
4.15,6.29
4.2,6.28
4.2,6.34
4.18,6.32
4.17,6.36
4.17,6.27
4.2,6.27
4.22,6.28
4.16,6.29
4.17,6.29
4.21,6.3
4.18,6.36
4.21,6.28
4.04,6.24
4.15,6.28
4.15,6.37
4.17,6.34
4.09,6.22
4.17,6.29
4.13,6.25
4.15,6.35
4.28,6.29
4.17,6.29
4.23,6.39
4.08,6.35
4.09,6.37
4.12,6.36
4.12,6.44
4.07,6.35
4.09,6.33
4.02,6.29
4.06,6.29
4.04,6.3
4.16,6.29
4.12,6.28
4.03,6.24
4.15,6.3
4.0,6.29
4.1,6.31
4.03,6.27
4.09,6.3
4.08,6.28
4.12,6.29
4.15,6.26
4.14,6.32
4.05,6.29
4.15,6.32
4.07,6.26
4.12,6.33
4.1,6.29
4.09,6.29
4.22,6.28
4.07,6.22
4.2,6.31
4.0,6.21
4.06,6.32
4.12,6.23
4.16,6.34
4.2,6.29
4.03,6.27
4.21,6.33
4.1,6.27
4.11,6.45
4.11,6.32
4.07,6.26
4.11,6.37
4.1,6.32
4.16,6.33
4.13,6.29
4.11,6.35
4.15,6.39
4.12,6.32
4.19,6.4
4.09,6.28
4.11,6.32
4.11,6.29
4.18,6.27
4.1,6.29
4.11,6.29
4.09,6.31
4.12,6.3
4.1,6.31
4.07,6.28
4.09,6.3
4.12,6.28
4.08,6.33
4.07,6.3
4.01,6.33
4.04,6.34
4.09,6.35
4.08,6.34
4.03,6.33
3.99,6.25
4.07,6.33
4.1,6.38
4.03,6.31
4.05,6.38
4.1,6.4
4.08,6.36
4.05,6.37
4.13,6.35
4.06,6.32
4.09,6.39
4.05,6.36
4.21,6.5
4.18,6.49
4.16,6.54
4.21,6.51
4.15,6.46
4.19,6.48
4.22,6.54
4.19,6.54
4.2,6.49
4.23,6.54
4.2,6.47
4.21,6.54
4.19,6.48
4.19,6.53
4.19,6.48
4.2,6.5
4.21,6.48
4.22,6.49
4.22,6.53
4.21,6.56
4.18,6.51
4.18,6.48
4.11,6.43
4.16,6.45
4.19,6.46
4.19,6.46
4.16,6.48
4.21,6.5
4.23,6.57
4.18,6.49
4.18,6.48
4.19,6.56
4.17,6.49
4.2,6.54
4.24,6.58
4.22,6.59
4.24,6.52
4.23,6.54
4.19,6.48
4.22,6.54
4.24,6.58
4.22,6.52
4.21,6.53
4.22,6.51
4.17,6.47
4.18,6.5
4.23,6.5
4.23,6.62
4.19,6.49
4.23,6.52
4.2,6.48
4.23,6.54
4.15,6.47
4.2,6.5
4.24,6.56
4.18,6.48
4.21,6.5
4.2,6.49
4.15,6.53
4.21,6.5
4.16,6.48
4.18,6.48
4.22,6.53
4.21,6.53
4.21,6.49
4.22,6.51
4.23,6.6
4.18,6.49
4.18,6.55
4.21,6.52
4.16,6.51
4.19,6.52
4.19,6.49
4.2,6.55
4.19,6.52
4.23,6.53
4.22,6.55
4.24,6.56
4.18,6.57
4.2,6.51
4.22,6.53
4.23,6.55
4.22,6.57
4.2,6.49
4.19,6.57
4.19,6.55
4.17,6.48
4.15,6.45
4.18,6.48
4.2,6.54
4.21,6.55
4.22,6.49
4.17,6.44
4.2,6.55
4.19,6.48
4.19,6.5
4.18,6.51
4.16,6.44
4.16,6.46
4.1,6.43
4.17,6.46
4.18,6.49
4.26,6.62
4.25,6.54
4.21,6.53
4.21,6.48
4.21,6.52
4.23,6.58
4.17,6.48
4.17,6.52
4.19,6.51
4.15,6.46
4.21,6.56
4.17,6.49
4.21,6.54
4.2,6.55
4.16,6.49
4.19,6.49
4.18,6.51
4.2,6.51
4.21,6.49
4.19,6.5
4.18,6.47
4.19,6.48
4.15,6.45
4.2,6.52
4.21,6.47
4.19,6.48
4.19,6.53
4.18,6.48
4.18,6.52
4.17,6.45
4.12,6.43
4.14,6.46
4.2,6.49
4.17,6.48
4.16,6.5
4.2,6.49
4.17,6.48
4.19,6.47
4.2,6.5
4.22,6.49
4.19,6.49
4.22,6.51
4.17,6.49
4.23,6.49
4.22,6.53
4.15,6.45
4.17,6.51
4.19,6.5
4.18,6.47
4.2,6.49
4.17,6.47
4.22,6.49
4.2,6.49
4.2,6.51
4.2,6.46
4.19,6.48
4.17,6.47
4.15,6.46
4.2,6.49
4.19,6.53
4.17,6.49
4.22,6.53
4.14,6.46
4.14,6.47
4.15,6.51
4.19,6.49
4.2,6.5
4.16,6.44
4.22,6.51
4.2,6.49
4.2,6.5
4.23,6.51
4.17,6.51
4.18,6.48
4.18,6.45
4.23,6.51
4.14,6.44
4.14,6.46
4.17,6.49
4.19,6.55
4.19,6.49
4.18,6.49
4.15,6.46
4.19,6.53
4.16,6.47
4.2,6.51
4.17,6.48
4.16,6.47
4.21,6.52
4.19,6.5
4.21,6.49
4.22,6.51
4.18,6.5
4.17,6.49
4.18,6.52
4.17,6.46
4.19,6.51
4.15,6.49
4.3,6.5
4.25,6.46
4.26,6.52
4.23,6.46
4.24,6.47
4.32,6.5
4.21,6.53
4.28,6.52
4.26,6.56
4.28,6.49
4.23,6.49
4.27,6.46
4.21,6.45
4.29,6.53
4.21,6.48
4.24,6.44
4.21,6.51
4.17,6.46
4.26,6.53
4.25,6.54
4.21,6.41
4.24,6.46
4.25,6.44
4.26,6.54
4.34,6.55
4.27,6.5
4.24,6.47
4.25,6.48
4.23,6.47
4.23,6.44
4.3,6.54
4.3,6.53
4.27,6.46
4.33,6.42
4.29,6.49
4.27,6.55
4.17,6.42
4.29,6.43
4.27,6.53
4.2,6.35
4.25,6.47
4.35,6.49
4.3,6.56
4.27,6.5
4.33,6.56
4.23,6.47
4.27,6.46
4.29,6.56
4.28,6.5
4.31,6.57
4.28,6.5
4.23,6.47
4.29,6.46
4.26,6.45
4.3,6.49
4.29,6.48
4.13,6.44
4.25,6.45
4.24,6.44
4.31,6.43
4.23,6.47
4.2,6.45
4.23,6.45
4.23,6.46
4.24,6.43
4.35,6.48
4.26,6.51
4.28,6.56
4.26,6.53
4.22,6.41
4.26,6.46
4.24,6.44
4.34,6.51
4.34,6.5
4.32,6.54
4.28,6.45
4.28,6.45
4.18,6.45
4.26,6.46
4.37,6.49
4.25,6.4
4.27,6.52
4.33,6.48
4.23,6.48
4.29,6.42
4.37,6.52
4.34,6.5
4.34,6.48
4.29,6.51
4.37,6.39
4.3,6.41
4.3,6.41
4.29,6.42
4.32,6.42
4.22,6.43
4.31,6.38
4.47,6.43
4.3,6.62
4.29,6.47
4.24,6.45
4.33,6.58
4.32,6.49
4.25,6.46
4.33,6.44
4.26,6.49
4.28,6.51
4.28,6.54
4.23,6.44
4.25,6.48
4.22,6.45
4.32,6.44
4.25,6.56
4.22,6.47
4.2,6.51
4.28,6.59
4.28,6.48
4.24,6.48
4.2,6.48
4.16,6.44
4.22,6.46
4.31,6.54
4.25,6.49
4.27,6.54
4.28,6.49
4.33,6.51
4.27,6.54
4.17,6.46
4.22,6.47
4.27,6.51
4.26,6.58
4.29,6.49
4.23,6.5
4.26,6.44
4.21,6.47
4.19,6.41
4.24,6.51
4.29,6.49
4.25,6.52
4.3,6.63
4.22,6.48
4.26,6.56
4.27,6.53
4.24,6.56
4.28,6.69
4.23,6.51
4.22,6.48
4.19,6.43
4.26,6.55
4.29,6.48
4.26,6.5
4.23,6.54
4.25,6.48
4.33,6.51
4.21,6.5
4.23,6.5
4.27,6.6
4.33,6.44
4.25,6.45
4.22,6.48
4.29,6.53
4.33,6.52
4.25,6.5
4.26,6.5
4.31,6.53
4.26,6.48
4.3,6.51
4.27,6.46
4.25,6.45
4.29,6.55
4.27,6.48
4.28,6.46
4.39,6.45
4.24,6.51
4.26,6.45
4.32,6.49
4.29,6.54
4.22,6.49
4.35,6.55
4.32,6.51
4.29,6.5
4.33,6.51
4.28,6.49
4.27,6.47
4.31,6.48
4.24,6.44
4.25,6.57
4.25,6.44
4.34,6.55
4.22,6.52
4.25,6.44
4.42,6.49
4.28,6.52
4.26,6.49
4.24,6.49
4.32,6.44
4.35,6.43
4.26,6.49
4.19,6.46
4.18,6.44
4.18,6.5
4.5,6.05
4.67,5.99
4.61,6.05
4.5,6.06
4.36,6.08
4.53,6.02
4.83,5.94
4.59,6.02
4.54,6.09
4.71,5.98
4.37,6.08
4.43,6.16
4.27,6.2
4.43,6.08
4.3,6.16
4.5,6.0
4.72,5.95
4.39,6.13
4.28,6.12
4.79,5.98
4.4,6.12
4.52,6.07
4.74,5.91
4.39,6.18
4.49,6.07
4.55,6.07
4.33,6.19
4.65,6.04
4.68,5.98
4.41,6.14
4.39,6.14
4.05,6.11
4.21,6.04
4.08,6.14
4.52,6.08
4.34,6.15
4.36,6.17
4.37,6.11
4.45,6.07
4.33,5.93
4.57,5.96
4.37,6.0
4.38,6.12
4.51,6.03
4.29,6.16
4.28,6.06
4.34,6.06
4.5,6.09
4.45,5.9
4.22,6.11
4.51,6.09
4.55,6.03
4.54,5.98
4.35,6.12
4.27,6.14
4.58,5.95
4.34,6.12
4.38,6.12
4.81,5.99
4.31,6.14
4.39,6.03
4.43,6.06
4.38,6.11
4.42,6.12
4.63,6.07
4.34,6.15
4.4,6.09
5.01,5.87
4.5,6.02
4.34,6.19
4.31,6.16
4.53,6.08
4.74,5.93
4.43,6.09
4.74,5.96
4.73,6.02
4.53,6.14
4.62,6.03
5.48,5.67
4.27,6.14
5.34,5.69
4.4,6.08
4.7,6.01
4.82,5.98
4.58,6.05
4.41,6.13
4.52,6.07
4.56,6.09
4.82,5.86
4.5,6.11
4.51,6.1
4.43,6.13
4.68,6.0
4.5,6.16
4.48,6.06
4.73,5.96
4.49,6.06
4.42,6.08
4.6,5.96
4.44,6.05
4.59,6.04
4.51,6.07
4.93,5.88
4.97,5.82
4.28,6.16
4.77,5.95
4.46,6.09
4.74,5.94
4.64,5.96
4.75,5.97
4.45,6.15
4.6,5.98
4.66,6.02
4.41,6.14
4.53,6.07
4.66,6.04
4.74,6.01
4.91,5.86
4.71,6.01
4.46,6.1
4.53,6.09
4.34,6.2
4.37,6.15
4.4,6.14
4.88,5.89
4.37,6.13
4.61,6.02
4.45,6.09
4.97,5.82
5.12,5.83
4.65,5.97
4.45,6.13
4.36,6.16
4.62,6.07
4.47,6.13
4.65,5.98
4.45,6.15
4.78,5.99
4.31,6.07
4.83,5.84
4.4,6.19
4.7,5.97
4.47,6.16
4.71,6.01
4.76,5.96
4.65,6.01
4.51,6.08
4.46,6.07
4.73,5.98
4.67,6.0
4.7,5.94
4.75,5.97
4.53,6.07
4.49,6.1
4.52,6.12
4.88,5.87
4.51,6.08
4.33,6.15
4.32,6.11
4.62,5.99
4.76,5.94
4.42,6.16
4.75,5.99
4.67,5.95
4.48,6.14
4.44,6.13
4.4,6.16
4.49,6.09
4.52,6.05
4.45,6.1
4.8,5.96
4.36,6.12
4.3,6.16
4.53,6.05
4.58,5.96
4.66,6.04
4.44,6.15
4.95,5.89
4.43,6.02
4.83,5.94
4.56,6.09
4.54,6.09
4.67,6.02
4.45,6.13
4.54,6.1
5.03,5.84
4.59,6.14
4.42,6.19
4.33,6.2
4.4,6.16
4.42,6.16
4.46,6.13
4.3,6.22
4.62,6.14
4.49,6.11
4.45,6.08
4.41,6.14
4.33,6.15
4.59,6.07
4.57,6.04
4.26,6.67
4.29,6.67
4.35,6.64
4.39,6.77
4.28,6.69
4.33,6.61
4.27,6.68
4.28,6.66
4.4,6.66
4.39,6.66
4.39,6.51
4.48,6.68
4.35,6.68
4.4,6.71
4.33,6.6
4.25,6.56
4.31,6.66
4.31,6.64
4.31,6.71
4.35,6.66
4.35,6.73
4.39,6.61
4.33,6.59
4.33,6.58
4.35,6.77
4.39,6.71
4.35,6.66
4.47,6.91
4.27,6.58
4.28,6.61
4.28,6.72
4.29,6.65
4.33,6.64
4.29,6.61
4.34,6.64
4.35,6.68
4.42,6.78
4.34,6.61
4.29,6.6
4.39,6.63
4.32,6.74
4.32,6.58
4.39,6.8
4.39,6.59
4.36,6.67
4.29,6.65
4.39,6.63
4.45,6.74
4.32,6.56
4.51,6.84
4.33,6.59
4.38,6.8
4.37,6.74
4.46,6.82
4.34,6.77
4.48,6.74
4.41,6.66
4.3,6.53
4.28,6.68
4.33,6.69
4.35,6.7
4.37,6.75
4.31,6.8
4.33,6.74
4.34,6.64
4.35,6.65
4.38,6.76
4.3,6.73
4.36,6.74
4.39,6.73
4.37,6.88
4.33,6.65
4.39,6.6
4.28,6.64
4.39,6.78
4.34,6.75
4.16,6.49
4.28,6.56
4.37,6.67
4.25,6.72
4.39,6.78
4.33,6.66
4.43,6.68
4.39,6.67
4.33,6.63
4.45,6.6
4.39,6.61
4.34,6.7
4.36,6.67
4.39,6.75
4.36,6.52
4.39,6.67
4.42,6.46
4.4,6.6
4.41,6.75
4.37,6.54
4.39,6.5
4.39,6.56
4.44,6.59
4.34,6.6
4.34,6.63
4.35,6.65
4.27,6.63
4.36,6.62
4.25,6.64
4.32,6.56
4.38,6.68
4.3,6.67
4.25,6.65
4.14,6.57
4.33,6.65
4.29,6.7
4.3,6.55
4.26,6.54
4.2,6.63
4.3,6.63
4.24,6.62
4.27,6.6
4.32,6.6
4.2,6.62
4.38,6.75
4.27,6.49
4.07,6.39
4.07,6.45
4.25,6.52
4.2,6.5
4.21,6.48
4.16,6.45
4.21,6.52
4.26,6.58
4.04,6.41
4.24,6.67
4.24,6.61
4.33,6.63
4.29,6.5
4.16,6.53
4.25,6.55
4.27,6.54
4.29,6.66
4.26,6.53
4.23,6.56
4.29,6.62
4.32,6.52
4.3,6.54
4.27,6.49
4.28,6.54
4.18,6.45
4.29,6.56
4.24,6.54
4.33,6.68
4.17,6.67
4.28,6.59
4.32,6.62
4.3,6.55
4.3,6.57
4.27,6.56
4.28,6.56
4.33,6.76
4.32,6.6
4.29,6.64
4.31,6.62
4.35,6.62
4.35,6.6
4.47,7.01
4.26,6.63
4.3,6.6
4.27,6.56
4.26,6.6
4.33,6.63
4.31,6.6
4.33,6.57
4.34,6.6
4.32,6.71
4.33,6.62
4.34,6.63
4.36,6.75
4.34,6.62
4.31,6.58
4.4,6.86
4.38,6.82
4.36,6.67
4.4,6.85
4.29,6.63
4.32,6.67
4.39,6.64
4.42,6.75
4.32,6.64
4.4,6.88
4.3,6.6
4.39,6.78
4.45,6.72
4.41,6.94
4.36,6.6
4.38,6.7
4.32,6.59
4.34,6.54
4.36,6.69
4.36,6.81
4.35,6.68
4.34,6.67
4.85,6.48
4.68,6.41
4.59,6.56
4.71,6.53
4.57,6.58
4.53,6.52
4.6,6.44
4.63,6.52
4.48,6.49
4.65,6.57
4.64,6.52
4.82,6.42
4.57,6.66
4.59,6.68
4.57,6.56
4.58,6.51
4.75,6.52
4.59,6.54
4.88,6.38
4.68,6.46
4.67,6.53
4.55,6.53
4.59,6.48
4.63,6.59
4.5,6.58
4.58,6.56
4.81,6.52
4.58,6.55
4.9,6.35
4.58,6.47
4.54,6.47
4.49,6.47
4.48,6.54
4.79,6.37
4.7,6.36
4.53,6.56
4.59,6.54
4.72,6.46
4.54,6.49
4.61,6.51
4.7,6.38
4.94,6.41
4.74,6.41
4.86,6.29
4.68,6.52
4.75,6.4
4.48,6.58
4.65,6.44
4.56,6.6
4.69,6.63
4.78,6.45
4.64,6.46
5.06,6.35
4.58,6.48
4.72,6.33
4.5,6.45
4.47,6.63
4.5,6.59
4.61,6.43
4.84,6.3
4.59,6.63
4.74,6.61
5.03,6.42
4.72,6.57
4.57,6.61
4.7,6.64
4.57,6.54
4.81,6.38
4.53,6.64
4.66,6.46
4.65,6.52
4.86,6.4
4.6,6.48
4.63,6.5
4.52,6.45
4.54,6.53
4.67,6.63
4.6,6.49
4.47,6.57
4.55,6.42
4.59,6.44
4.52,6.56
4.61,6.45
4.7,6.77
4.52,6.6
4.6,6.58
4.59,6.49
4.77,6.31
4.51,6.48
4.63,6.38
4.5,6.52
4.77,6.48
4.7,6.47
4.61,6.53
4.52,6.52
4.61,6.58
4.48,6.59
4.63,6.46
4.79,6.35
4.51,6.49
4.54,6.64
4.53,6.47
4.6,6.44
4.5,6.51
4.42,6.53
4.56,6.53
4.48,6.57
4.59,6.62
4.59,6.58
4.58,6.65
4.52,6.48
4.72,6.43
4.48,6.57
4.7,6.41
4.65,6.47
4.82,6.37
4.52,6.57
4.56,6.54
4.5,6.45
4.56,6.51
4.46,6.54
4.57,6.48
4.65,6.51
4.75,6.46
4.44,6.45
4.45,6.51
4.58,6.44
4.55,6.52
4.57,6.6
4.75,6.41
4.63,6.49
4.59,6.51
4.54,6.5
4.61,6.46
4.69,6.43
4.71,6.31
4.41,6.52
4.55,6.47
4.62,6.62
4.56,6.49
4.52,6.54
4.86,6.4
4.65,6.5
4.61,6.44
4.74,6.34
4.56,6.58
4.53,6.54
4.69,6.42
4.68,6.46
4.79,6.39
4.63,6.53
4.68,6.38
4.61,6.48
4.62,6.51
4.59,6.4
4.56,6.44
4.78,6.4
4.98,6.22
4.77,6.53
4.57,6.45
4.71,6.49
4.53,6.58
4.81,6.38
4.55,6.5
4.6,6.56
4.74,6.47
4.9,6.45
4.99,6.28
4.97,6.34
4.74,6.49
4.94,6.32
4.48,6.49
4.78,6.39
4.7,6.39
4.56,6.51
4.49,6.46
4.66,6.47
4.95,6.35
4.72,6.42
4.61,6.43
4.71,6.5
4.76,6.42
4.61,6.49
4.52,6.47
4.77,6.46
4.46,6.57
4.54,6.53
4.46,6.48
4.72,6.5
4.44,6.51
4.61,6.51
4.68,6.53
4.57,6.7
4.56,6.57
4.59,6.67
4.66,6.63
4.87,6.43
4.45,6.62
4.56,6.52
4.64,6.61
